SMILES,title,i_i_glide_lignum,docking_status,r_glide_cpu_time,r_i_docking_score,s_i_glide_gridfile,r_i_glide_gscore,r_i_glide_lipo,r_i_glide_hbond,r_i_glide_metal,r_i_glide_rewards,r_i_glide_evdw,r_i_glide_ecoul,r_i_glide_erotb,r_i_glide_esite,r_i_glide_emodel,r_i_glide_energy,r_i_glide_einternal
Cc1cc(O)cc(C)c1[C@@H]1CN[C@H](C(=O)N2CCC[C@H]2C#N)C1,"CHEMBL243799",2,"NO POSES STORED FOR LIGAND",5.25,,,,,,,,,,,,,,
COc1cc(O)cc(C)c1[C@@H]1C[NH2+][C@H](C(=O)N2CCC[C@H]2C#N)C1,"CHEMBL243800",3,"NO POSES STORED FOR LIGAND",3.25,,,,,,,,,,,,,,
COc1cc(O)cc(C)c1[C@@H]1CN[C@H](C(=O)N2CCC[C@H]2C#N)C1,"CHEMBL243800",4,"NO POSES STORED FOR LIGAND",5.25,,,,,,,,,,,,,,
COc1cc(O)cc(OC)c1[C@@H]1CN[C@H](C(=O)N2CCC[C@H]2C#N)C1,"CHEMBL244008",7,"NO POSES STORED FOR LIGAND",6.43,,,,,,,,,,,,,,
CCOc1cc(O)cc(OCC)c1[C@@H]1CN[C@H](C(=O)N2CCC[C@H]2C#N)C1,"CHEMBL244009",9,"NO POSES STORED FOR LIGAND",10.77,,,,,,,,,,,,,,
COc1c(O)ccc(C)c1[C@@H]1CN[C@H](C(=O)N2CCC[C@H]2C#N)C1,"CHEMBL244010",11,"NO POSES STORED FOR LIGAND",6.41,,,,,,,,,,,,,,
COc1c(O)ccc(C)c1[C@@H]1C[NH2+][C@H](C(=O)N2CCC[C@H]2C#N)C1,"CHEMBL244010",12,"NO POSES STORED FOR LIGAND",3.5,,,,,,,,,,,,,,
N#C[C@@H]1CCCN1C(=O)[C@@H]1C[C@@H](c2ccccc2)CN1,"CHEMBL244843",14,"NO GOOD POSES FOUND",0.06,,,,,,,,,,,,,,
C=CC[C@@H]1CN[C@H](C(=O)N2CCC[C@H]2C#N)C1,"CHEMBL245069",18,"NO GOOD POSES FOUND",0.09,,,,,,,,,,,,,,
N[C@H]1C[N@H+](Cc2ccc(-n3cncn3)cc2)C[C@H]1C(=O)N1CCCC1,"CHEMBL249174",67,"NO POSES STORED FOR LIGAND",6.25,,,,,,,,,,,,,,
Cn1cc(-c2ccc(C[N@H+]3C[C@H](N)[C@H](C(=O)N4CCC[C@H]4C#N)C3)cc2)cn1,"CHEMBL249406",76,"NO POSES STORED FOR LIGAND",4.22,,,,,,,,,,,,,,
N#C[C@@H]1CCCN1C(=O)[C@@H]1C[N@@H+](Cc2ccc(-c3csnn3)cc2)C[C@@H]1N,"CHEMBL249407",79,"NO POSES STORED FOR LIGAND",7.05,,,,,,,,,,,,,,
N#C[C@@H]1CCCN1C(=O)[C@@H]1CN(Cc2ccc(-c3csnn3)cc2)C[C@@H]1N,"CHEMBL249407",80,"NO POSES STORED FOR LIGAND",4.65,,,,,,,,,,,,,,
N#Cc1ccc(CN2C[C@H](N)[C@H](C(=O)N3CCCC3)C2)cc1,"CHEMBL250400",124,"NO POSES STORED FOR LIGAND",3.49,,,,,,,,,,,,,,
COc1cc(O)c(C(=O)/C=C/c2ccc(O)cc2)c(OC)c1,"CHEMBL251958",144,"NO POSES STORED FOR LIGAND",3.4,,,,,,,,,,,,,,
COc1cc([O-])c(C(=O)/C=C/c2ccc(O)cc2)c(OC)c1,"CHEMBL251958",145,"NO GOOD POSES FOUND",0.03,,,,,,,,,,,,,,
Cc1nsc(N2CCN(C(=O)[C@@H]3CN[C@H](C(=O)N4CCCC4)C3)CC2)n1,"CHEMBL256691",179,"NO GOOD POSES FOUND",0.33,,,,,,,,,,,,,,
Cc1nsc(N2CCCN(C(=O)[C@@H]3CN[C@H](C(=O)N4CCCC4)C3)CC2)n1,"CHEMBL257742",203,"NO GOOD POSES FOUND",0.75,,,,,,,,,,,,,,
CC#CCn1c(N2CCCNCC2)nc2cnn(Cc3nc(C)c4ccccc4n3)c(=O)c21,"CHEMBL257999",210,"NO GOOD POSES FOUND",0.2,,,,,,,,,,,,,,
O=C([C@@H]1CN[C@H](C(=O)N2CCCC2)C1)N1CCN(c2nc(-c3ccccc3)ns2)CC1,"CHEMBL258101",212,"NO GOOD POSES FOUND",0.65,,,,,,,,,,,,,,
O=C(c1nccs1)[C@@H]1CCCN1C(=O)[C@@H]1C[C@@H]2CCCC[C@@H]2N1,"CHEMBL258288",214,"NO GOOD POSES FOUND",0.09,,,,,,,,,,,,,,
C[C@@H]1N[C@H](C(=O)N(C)CC#N)C[C@@H]1C(=O)N(C)C,"CHEMBL259198",216,"NO GOOD POSES FOUND",0.05,,,,,,,,,,,,,,
CC[C@@H]1N[C@H](C(=O)N2CCC[C@H]2C#N)C[C@@H]1C(=O)N(C)C,"CHEMBL260197",218,"NO GOOD POSES FOUND",0.08,,,,,,,,,,,,,,
C[C@@H]1N[C@H](C(=O)N2CCC[C@H]2C#N)C[C@H]1C(=O)N(C)C,"CHEMBL260198",220,"NO GOOD POSES FOUND",0.06,,,,,,,,,,,,,,
CCN(CC#N)C(=O)[C@@H]1C[C@H](C(=O)N2CCCCC2)[C@H](C)N1,"CHEMBL260509",222,"NO GOOD POSES FOUND",0.12,,,,,,,,,,,,,,
C[C@H]1N[C@H](C(=O)N2CCC[C@H]2C#N)C[C@@H]1C(=O)N(C)C,"CHEMBL260543",224,"NO GOOD POSES FOUND",0.09,,,,,,,,,,,,,,
C#CCN(CC#N)C(=O)[C@@H]1C[C@H](C(=O)N(C)C)[C@H](C)N1,"CHEMBL260701",226,"NO GOOD POSES FOUND",0.06,,,,,,,,,,,,,,
CCN(CC#N)C(=O)[C@@H]1C[C@H](C(=O)N2CCCC2)[C@H](C)N1,"CHEMBL260702",228,"NO GOOD POSES FOUND",0.1,,,,,,,,,,,,,,
Cn1c(-c2cccnc2)nc2ccc(-c3ccccc3Cl)c(CN)c21,"CHEMBL261246",230,"NO POSES STORED FOR LIGAND",2.17,,,,,,,,,,,,,,
C[C@@H]1N[C@H](C(=O)N(CC#N)C2CC2)C[C@@H]1C(=O)N(C)C,"CHEMBL261460",232,"NO GOOD POSES FOUND",0.08,,,,,,,,,,,,,,
C=CCN(CC#N)C(=O)[C@@H]1C[C@H](C(=O)N(C)C)[C@H](C)N1,"CHEMBL261462",234,"NO GOOD POSES FOUND",0.09,,,,,,,,,,,,,,
CCCN(CC#N)C(=O)[C@@H]1C[C@H](C(=O)N(C)C)[C@H](C)N1,"CHEMBL261463",236,"NO GOOD POSES FOUND",0.09,,,,,,,,,,,,,,
O=C(c1cccs1)[C@@H]1CCCN1C(=O)[C@@H]1C[C@@H]2CCCC[C@@H]2N1,"CHEMBL269926",246,"NO GOOD POSES FOUND",0.1,,,,,,,,,,,,,,
Cc1nsc(N2CCN(C(=O)[C@H]3C[C@@H](C(=O)N4CCSC4)N[C@H]3C)CC2)n1,"CHEMBL269952",248,"NO GOOD POSES FOUND",0.24,,,,,,,,,,,,,,
Cc1nsc(N2CCN(C(=O)[C@H]3C[C@@H](C(=O)N4CCCC4)N[C@H]3C)CC2)n1,"CHEMBL269953",250,"NO GOOD POSES FOUND",0.25,,,,,,,,,,,,,,
COCc1nsc(N2CCN(C(=O)[C@@H]3CN[C@H](C(=O)N4CCCC4)C3)CC2)n1,"CHEMBL269965",252,"NO GOOD POSES FOUND",0.97,,,,,,,,,,,,,,
O=C([C@@H]1CN[C@H](C(=O)N2CCCC2)C1)N1CCN(c2nc(C(F)(F)F)ns2)CC1,"CHEMBL270163",254,"NO GOOD POSES FOUND",0.39,,,,,,,,,,,,,,
Cc1nc(N2CCN(C(=O)[C@@H]3CN[C@H](C(=O)N4CCCC4)C3)CC2)no1,"CHEMBL270395",258,"NO GOOD POSES FOUND",0.34,,,,,,,,,,,,,,
CN(C)C(=O)[C@@H]1CN[C@H](C(=O)N2CCCC2)C1,"CHEMBL271062",260,"NO GOOD POSES FOUND",0.07,,,,,,,,,,,,,,
CCc1nsc(N2CCN(C(=O)[C@@H]3CN[C@H](C(=O)N4CCCC4)C3)CC2)n1,"CHEMBL271444",262,"NO GOOD POSES FOUND",0.39,,,,,,,,,,,,,,
Cc1nc(N2CCN(C(=O)[C@@H]3CN[C@H](C(=O)N4CCCC4)C3)CC2)sc1C,"CHEMBL271870",266,"NO GOOD POSES FOUND",0.35,,,,,,,,,,,,,,
Cc1cc(N2CCN(C(=O)[C@@H]3CN[C@H](C(=O)N4CCCC4)C3)CC2)sn1,"CHEMBL272079",269,"NO GOOD POSES FOUND",0.34,,,,,,,,,,,,,,
Cc1csc(N2CCN(C(=O)[C@@H]3CN[C@H](C(=O)N4CCCC4)C3)CC2)n1,"CHEMBL273206",275,"NO GOOD POSES FOUND",0.34,,,,,,,,,,,,,,
O=C([C@H]1CCCN1)N1CCC[C@H]1P(=O)(Oc1ccccc1)Oc1ccccc1,"CHEMBL273851",280,"NO GOOD POSES FOUND",0.36,,,,,,,,,,,,,,
CC(C)(CC(=O)NCCc1ccc(C(F)(F)F)cc1)NCC(=O)N1CCC[C@H]1C#N,"CHEMBL274103",282,"NO POSES STORED FOR LIGAND",10.82,,,,,,,,,,,,,,
N[C@H]1CN(c2ccc(C(F)(F)F)cn2)CC[C@@H]1c1cc(F)c(F)cc1F,"CHEMBL274740",284,"NO POSES STORED FOR LIGAND",2.59,,,,,,,,,,,,,,
CC(C)(CC(=O)NCCc1ccccc1)NCC(=O)N1CCC[C@H]1C#N,"CHEMBL274770",286,"NO POSES STORED FOR LIGAND",10.45,,,,,,,,,,,,,,
O=c1cc(-c2ccccc2)oc2ccccc12,"CHEMBL275638",287,"INVALID ATOM(S), ETC.",0.02,,,,,,,,,,,,,,
O=C([C@@H]1CCCN1)N1CCC[C@H]1P(=O)(OCC(F)(F)F)OCC(F)(F)F,"CHEMBL276884",289,"NO GOOD POSES FOUND",0.59,,,,,,,,,,,,,,
N[C@H](C(=O)N1CC[C@H](F)C1)[C@H]1CC[C@H](NS(=O)(=O)c2ccc(OC(F)(F)F)cc2)CC1,"CHEMBL281178",307,"NO POSES STORED FOR LIGAND",5.11,,,,,,,,,,,,,,
CN[C@H](C(=O)N1CCC[C@H]1C#N)C(C)C,"CHEMBL313423",339,"NO GOOD POSES FOUND",0.04,,,,,,,,,,,,,,
CC(C)c1cccc(C(C)C)c1N1C(=O)c2ccc([O-])cc2C1=O,"CHEMBL313952",340,"INVALID ATOM(S), ETC.",0.04,,,,,,,,,,,,,,
CC(C)c1cccc(C(C)C)c1N1C(=O)c2ccc(O)cc2C1=O,"CHEMBL313952",341,"NO GOOD POSES FOUND",0.04,,,,,,,,,,,,,,
N#C[C@@H]1CCCN1C(=O)CNCC12C[C@H]3C[C@@H](C1)C[C@@H](C2)C3,"CHEMBL316832",346,"NO GOOD POSES FOUND",0.09,,,,,,,,,,,,,,
CCCCNCC(=O)N1CCC[C@H]1C#N,"CHEMBL317787",353,"NO GOOD POSES FOUND",0.11,,,,,,,,,,,,,,
O=C(CNC12C[C@H]3C[C@@H](C1)C[C@@H](C2)C3)N1CCCCC1,"CHEMBL318511",364,"NO GOOD POSES FOUND",0.07,,,,,,,,,,,,,,
C[N@H+](CC(=O)N1CCC[C@H]1C#N)C1CCCCC1,"CHEMBL318612",365,"NO GOOD POSES FOUND",0.09,,,,,,,,,,,,,,
CN(CC(=O)N1CCC[C@H]1C#N)C1CCCCC1,"CHEMBL318612",366,"INVALID ATOM(S), ETC.",0.08,,,,,,,,,,,,,,
N#C[C@@H]1CCCN1C(=O)CNC12C[C@H]3C[C@@H](C1)C[C@@H](C2)C3,"CHEMBL319080",372,"NO GOOD POSES FOUND",0.08,,,,,,,,,,,,,,
N#C[C@@H]1CCCCN1C(=O)[C@@H](N)CCNCc1ccc(Cl)cc1,"CHEMBL319350",376,"NO POSES STORED FOR LIGAND",7.76,,,,,,,,,,,,,,
N#C[C@@H]1CCCN1C(=O)CNC1CCN(C(=O)C2CCCCC2)CC1,"CHEMBL319798",379,"NO GOOD POSES FOUND",0.23,,,,,,,,,,,,,,
CCCNCC(=O)N1CCC[C@H]1C#N,"CHEMBL320143",382,"NO GOOD POSES FOUND",0.05,,,,,,,,,,,,,,
N#C[C@@H]1CCCN1C(=O)CNCCOc1ccccc1,"CHEMBL321509",386,"NO GOOD POSES FOUND",0.14,,,,,,,,,,,,,,
N#C[C@@H]1CCCN1C(=O)CNC1CCCCCC1,"CHEMBL323130",394,"NO GOOD POSES FOUND",0.23,,,,,,,,,,,,,,
N#C[C@@H]1CCCN1C(=O)CNCCC(c1ccccc1)c1ccccc1,"CHEMBL327264",402,"NO GOOD POSES FOUND",0.23,,,,,,,,,,,,,,
O=C(CNC12C[C@H]3C[C@@H](C1)C[C@@H](C2)C3)N1CCc2ccccc2C1,"CHEMBL328613",412,"NO GOOD POSES FOUND",0.13,,,,,,,,,,,,,,
N#C[C@@H]1CCCN1C(=O)CNC1CCN(c2nc3ccccc3s2)CC1,"CHEMBL328794",415,"NO GOOD POSES FOUND",0.13,,,,,,,,,,,,,,
N#C[C@@H]1CCCN1C(=O)CNC1Cc2ccccc2C1,"CHEMBL328994",420,"NO GOOD POSES FOUND",0.06,,,,,,,,,,,,,,
CCC(CC)NCC(=O)N1CCC[C@H]1C#N,"CHEMBL330326",434,"NO GOOD POSES FOUND",0.11,,,,,,,,,,,,,,
N#C[C@@H]1CCCN1C(=O)CN[C@@H]1C[C@@H]2CC[C@H]1C2,"CHEMBL330373",436,"NO GOOD POSES FOUND",0.05,,,,,,,,,,,,,,
N#C[C@@H]1CCCN1C(=O)CNC1CCN(c2ccc(C(F)(F)F)cn2)CC1,"CHEMBL330426",437,"NO GOOD POSES FOUND",0.21,,,,,,,,,,,,,,
N#C[C@@H]1CCCN1C(=O)[C@@H](NC1CCCCC1)C1CCCCC1,"CHEMBL330623",444,"NO GOOD POSES FOUND",0.19,,,,,,,,,,,,,,
CCNCC(=O)N1CCC[C@H]1C#N,"CHEMBL330670",446,"NO GOOD POSES FOUND",0.04,,,,,,,,,,,,,,
CSc1ccccc1N1C(=O)c2cccc([O-])c2C1=O,"CHEMBL345319",453,"INVALID ATOM(S), ETC.",0.04,,,,,,,,,,,,,,
CSc1ccccc1N1C(=O)c2cccc(O)c2C1=O,"CHEMBL345319",454,"NO GOOD POSES FOUND",0.03,,,,,,,,,,,,,,
O=C(c1nc2ccccc2s1)[C@@H]1CCN1C(=O)[C@@H]1C[C@@H]2CCCC[C@@H]2N1,"CHEMBL365441",547,"NO GOOD POSES FOUND",0.11,,,,,,,,,,,,,,
COc1cc2c(cc1OC)CN(C(=O)C[C@H](N)C(=O)N1CCC[C@H]1C#N)CC2,"CHEMBL369883",572,"NO POSES STORED FOR LIGAND",6.74,,,,,,,,,,,,,,
COc1cc2c(cc1OC)CN(C(=O)C[C@H]([NH3+])C(=O)N1CCC[C@H]1C#N)CC2,"CHEMBL369883",573,"NO POSES STORED FOR LIGAND",6.98,,,,,,,,,,,,,,
CN(C)C(=O)[C@@H](c1ccc(-c2ccc(F)cc2)cc1)[C@H]([NH3+])C(=O)N1CCC1,"CHEMBL370509",587,"NO POSES STORED FOR LIGAND",4.63,,,,,,,,,,,,,,
N#C[C@@H]1CCCN1C(=O)CNCCCC(=O)N1CCc2ccccc2C1,"CHEMBL371057",593,"NO GOOD POSES FOUND",0.44,,,,,,,,,,,,,,
N#C[C@@H]1CCCN1C(=O)CNCC(=O)N1CCc2ccccc2C1,"CHEMBL371907",608,"NO GOOD POSES FOUND",0.2,,,,,,,,,,,,,,
CS(=O)(=O)c1ccc(-c2nc3c(s2)CN(C(=O)C[C@H](N)Cc2cc(F)ccc2F)CC3)cc1,"CHEMBL372078",611,"NO POSES STORED FOR LIGAND",3.17,,,,,,,,,,,,,,
CCCCCC12CCC([NH2+]CC(=O)N3CCC[C@H]3B(O)O)(CC1)CC2,"CHEMBL372180",612,"NO POSES STORED FOR LIGAND",6.34,,,,,,,,,,,,,,
CCCCCC12CCC(NCC(=O)N3CCC[C@H]3B(O)O)(CC1)CC2,"CHEMBL372180",613,"NO POSES STORED FOR LIGAND",6.83,,,,,,,,,,,,,,
CC(C)[C@H](NC(=O)CCNCC(=O)N1CCC[C@H]1C#N)c1ccccc1,"CHEMBL372391",614,"NO POSES STORED FOR LIGAND",9.46,,,,,,,,,,,,,,
N#C[C@@H]1CCCN1C(=O)CNCCC(=O)N1CCN(C(=O)c2cc(F)cc(F)c2)CC1,"CHEMBL372746",618,"NO GOOD POSES FOUND",0.89,,,,,,,,,,,,,,
COc1cc2c(cc1OC)[C@@H](C(C)(C)C)N(C(=O)C[C@H](N)C(=O)N1CCC[C@H]1C#N)CC2,"CHEMBL373148",620,"NO POSES STORED FOR LIGAND",5.26,,,,,,,,,,,,,,
COc1cc2c(cc1OC)[C@@H](C(C)(C)C)N(C(=O)C[C@H]([NH3+])C(=O)N1CCC[C@H]1C#N)CC2,"CHEMBL373148",621,"NO POSES STORED FOR LIGAND",5.61,,,,,,,,,,,,,,
CC1(NCC(=O)N2[C@H](C#N)CC[C@@H]2C#N)CCCCC1,"CHEMBL377058",646,"NO GOOD POSES FOUND",0.09,,,,,,,,,,,,,,
CC(C)(C)CC(C)(C)NCC(=O)N1[C@H](C#N)CC[C@@H]1C#N,"CHEMBL377320",648,"NO GOOD POSES FOUND",0.26,,,,,,,,,,,,,,
N#C[C@@H]1CC[C@H](C#N)N1C(=O)CNC1(COC2CCCCC2)CCCC1,"CHEMBL377749",651,"NO GOOD POSES FOUND",1.29,,,,,,,,,,,,,,
O=C([C@@H]1CN[C@H](C(=O)N2CCCC2)C1)N1Cc2cc(Cl)c(Cl)cc2C1,"CHEMBL377776",654,"NO GOOD POSES FOUND",0.1,,,,,,,,,,,,,,
O=C([C@@H]1CN[C@H](C(=O)N2CC[C@@H](F)C2)C1)N1Cc2ccccc2C1,"CHEMBL378086",656,"NO GOOD POSES FOUND",0.1,,,,,,,,,,,,,,
CC(C)COCC1(NCC(=O)N2[C@H](C#N)CC[C@@H]2C#N)CCCC1,"CHEMBL378709",661,"NO GOOD POSES FOUND",0.94,,,,,,,,,,,,,,
CC(C)(C)C(=O)CC1(NCC(=O)N2[C@H](C#N)CC[C@@H]2C#N)CCCC1,"CHEMBL378750",663,"NO GOOD POSES FOUND",0.78,,,,,,,,,,,,,,
COCC1(NCC(=O)N2[C@H](C#N)CC[C@@H]2C#N)CCCC1,"CHEMBL379086",665,"NO GOOD POSES FOUND",0.27,,,,,,,,,,,,,,
O=C([C@@H]1CN[C@H](C(=O)N2CCCC2)C1)N1Cc2ccccc2C1,"CHEMBL379261",670,"NO GOOD POSES FOUND",0.11,,,,,,,,,,,,,,
O=C(Nc1ccccc1)[C@@H]1CN[C@H](C(=O)N2CCCC2)C1,"CHEMBL380240",674,"NO POSES STORED FOR LIGAND",8.93,,,,,,,,,,,,,,
CC(C)(CC(=O)N1CCc2cc(F)ccc2C1)NCC(=O)N1CCC[C@H]1C#N,"CHEMBL380902",679,"NO GOOD POSES FOUND",0.44,,,,,,,,,,,,,,
CC1(NCC(=O)N2[C@H](C#N)CC[C@@H]2C#N)CCCC1,"CHEMBL381111",682,"NO GOOD POSES FOUND",0.12,,,,,,,,,,,,,,
C[C@]12CC3([NH2+]CC(=O)N4CCC[C@@H]4B(O)O)C[C@](C)(C1)C[C@@](C)(C3)C2,"CHEMBL381444",689,"NO POSES STORED FOR LIGAND",4.52,,,,,,,,,,,,,,
N#C[C@@H]1CCCN1C(=O)CNCCC(=O)N1Cc2ccccc2C1,"CHEMBL381530",691,"NO GOOD POSES FOUND",0.15,,,,,,,,,,,,,,
N#C[C@@H]1CCCN1C(=O)[C@@H]1CCCN1,"CHEMBL381626",694,"NO GOOD POSES FOUND",0.04,,,,,,,,,,,,,,
N#C[C@@H]1CC[C@H](C#N)N1C(=O)CN[C@@]12C[C@@H]3C[C@@H](C[C@H]1C3)C2,"CHEMBL383488",713,"NO GOOD POSES FOUND",0.12,,,,,,,,,,,,,,
N#C[C@@H]1CCCN1C(=O)CNCCC(=O)N1CCN(c2nc3ccccc3s2)CC1,"CHEMBL383841",716,"NO GOOD POSES FOUND",0.59,,,,,,,,,,,,,,
CC(C)(CC(=O)NCCc1cccc(C(F)(F)F)c1)NCC(=O)N1CCC[C@H]1C#N,"CHEMBL384493",721,"NO POSES STORED FOR LIGAND",11.37,,,,,,,,,,,,,,
COc1ccc(NC(=O)CC(C)(C)NCC(=O)N2CCC[C@H]2C#N)cc1,"CHEMBL384985",725,"NO POSES STORED FOR LIGAND",9.06,,,,,,,,,,,,,,
Cc1ccc(NC(=O)CC(C)(C)[NH2+]CC(=O)N2CCC[C@H]2C#N)cc1C,"CHEMBL385394",726,"NO POSES STORED FOR LIGAND",6.28,,,,,,,,,,,,,,
Cc1ccc(NC(=O)CC(C)(C)NCC(=O)N2CCC[C@H]2C#N)cc1C,"CHEMBL385394",727,"NO POSES STORED FOR LIGAND",7.77,,,,,,,,,,,,,,
CC(C)(CC(=O)Nc1ccc(F)cc1)NCC(=O)N1CCC[C@H]1C#N,"CHEMBL385637",731,"NO POSES STORED FOR LIGAND",7.4,,,,,,,,,,,,,,
CC(C)(CC(=O)Nc1ccc(F)c(F)c1)NCC(=O)N1CCC[C@H]1C#N,"CHEMBL386326",735,"NO POSES STORED FOR LIGAND",6.9,,,,,,,,,,,,,,
Cc1ccc(C(=O)CN[C@H](C)CCc2ccc(C(N)=O)cc2)cc1,"CHEMBL386895",738,"NO POSES STORED FOR LIGAND",7.58,,,,,,,,,,,,,,
N#C[C@@H]1CCCN1C(=O)[C@@H]1C[C@@H]([C@H]2[C@@H]3C[C@H]4C[C@@H](C3)C[C@@H]2C4)CN1,"CHEMBL389138",752,"NO GOOD POSES FOUND",0.09,,,,,,,,,,,,,,
O=C([C@@H]1C[C@H](N2CCc3ccccc32)CN1)N1CCSC1,"CHEMBL389244",756,"NO GOOD POSES FOUND",0.08,,,,,,,,,,,,,,
Cc1cc(C)c([C@@H]2C[NH2+][C@H](C(=O)N3CCC[C@H]3C#N)C2)c(C)c1O,"CHEMBL389324",757,"NO POSES STORED FOR LIGAND",2.96,,,,,,,,,,,,,,
Cc1cc(C)c([C@@H]2CN[C@H](C(=O)N3CCC[C@H]3C#N)C2)c(C)c1O,"CHEMBL389324",758,"NO POSES STORED FOR LIGAND",4.96,,,,,,,,,,,,,,
N[C@H]1CN(c2cc(C(F)(F)F)ccn2)CC[C@@H]1c1cc(F)c(F)cc1F,"CHEMBL389602",767,"NO POSES STORED FOR LIGAND",2.39,,,,,,,,,,,,,,
CCOC(=O)CN(Cc1ccc(C#N)cc1)[C@@H]1CN[C@H](C(=O)N2CCSC2)C1,"CHEMBL389624",768,"NO GOOD POSES FOUND",0.84,,,,,,,,,,,,,,
CCOC(=O)C[N@H+](Cc1ccc(C#N)cc1)[C@@H]1CN[C@H](C(=O)N2CCSC2)C1,"CHEMBL389624",769,"NO POSES STORED FOR LIGAND",10.15,,,,,,,,,,,,,,
CCCCN(Cc1ccc(C#N)cc1)[C@@H]1CN[C@H](C(=O)N2CCSC2)C1,"CHEMBL389848",771,"NO GOOD POSES FOUND",0.67,,,,,,,,,,,,,,
CCCC[N@H+](Cc1ccc(C#N)cc1)[C@@H]1CN[C@H](C(=O)N2CCSC2)C1,"CHEMBL389848",772,"NO POSES STORED FOR LIGAND",12.79,,,,,,,,,,,,,,
CCc1nnc2ccc(N3CC[C@H](c4cc(F)c(F)cc4F)[C@@H](N)C3)nn12,"CHEMBL390080",774,"NO POSES STORED FOR LIGAND",2.1,,,,,,,,,,,,,,
N#C[C@@H]1CCCN1C(=O)[C@@H]1C[C@H](c2ccc(O)cc2)CN1,"CHEMBL390221",781,"NO POSES STORED FOR LIGAND",7.46,,,,,,,,,,,,,,
CCc1cc(O)cc(C)c1[C@@H]1CN[C@H](C(=O)N2CCC[C@H]2C#N)C1,"CHEMBL390418",789,"NO POSES STORED FOR LIGAND",6.44,,,,,,,,,,,,,,
O=C([C@@H]1C[C@H](N2CCc3cc(Cl)ccc32)CN1)N1CCSC1,"CHEMBL390512",791,"NO GOOD POSES FOUND",0.08,,,,,,,,,,,,,,
COc1cc2c(cc1OC)[C@@H]1C[C@@H]([NH3+])[C@@H](c3ccccc3)CN1CC2,"CHEMBL391037",804,"NO POSES STORED FOR LIGAND",2.22,,,,,,,,,,,,,,
COc1cc2c(cc1OC)[C@@H]1C[C@@H](N)[C@@H](c3ccccc3)CN1CC2,"CHEMBL391037",805,"NO POSES STORED FOR LIGAND",2.01,,,,,,,,,,,,,,
COc1cc2c(cc1OC)[C@@H]1C[C@@H](N)[C@@H](c3ccccc3)C[N@H+]1CC2,"CHEMBL391037",806,"NO POSES STORED FOR LIGAND",2.22,,,,,,,,,,,,,,
O=C([C@@H]1C[C@H]([NH+]2CCCCC2)CN1)N1CCSC1,"CHEMBL391331",822,"NO POSES STORED FOR LIGAND",4.4,,,,,,,,,,,,,,
O=C([C@@H]1C[C@H](N2CCCCC2)CN1)N1CCSC1,"CHEMBL391331",824,"NO GOOD POSES FOUND",0.1,,,,,,,,,,,,,,
C[NH+]1CCN([C@@H]2CN[C@H](C(=O)N3CCSC3)C2)CC1,"CHEMBL391332",827,"NO POSES STORED FOR LIGAND",2.23,,,,,,,,,,,,,,
CN1CCN([C@@H]2CN[C@H](C(=O)N3CCSC3)C2)CC1,"CHEMBL391332",829,"NO GOOD POSES FOUND",0.1,,,,,,,,,,,,,,
O=C([C@@H]1C[C@H](N2CC[NH+](Cc3ccccc3)CC2)CN1)N1CCSC1,"CHEMBL391433",831,"NO POSES STORED FOR LIGAND",8.16,,,,,,,,,,,,,,
O=C([C@@H]1C[C@H]([NH+]2CCN(Cc3ccccc3)CC2)CN1)N1CCSC1,"CHEMBL391433",833,"NO POSES STORED FOR LIGAND",7.94,,,,,,,,,,,,,,
CN(C)C(=O)C[C@@H]1CN[C@H](C(=O)N2CCC[C@H]2C#N)C1,"CHEMBL391558",835,"NO GOOD POSES FOUND",0.12,,,,,,,,,,,,,,
O=C([C@@H]1C[C@H]([NH+]2CCN(c3cccc(Cl)c3)CC2)CN1)N1CCSC1,"CHEMBL391577",838,"NO POSES STORED FOR LIGAND",7.39,,,,,,,,,,,,,,
O=C([C@@H]1C[C@H](N2CCN(c3cccc(Cl)c3)CC2)CN1)N1CCSC1,"CHEMBL391577",840,"NO GOOD POSES FOUND",0.15,,,,,,,,,,,,,,
N#Cc1ccc(N2CCN([C@@H]3CN[C@H](C(=O)N4CCSC4)C3)CC2)cc1,"CHEMBL391578",843,"NO GOOD POSES FOUND",0.16,,,,,,,,,,,,,,
CC(C)(C)NCC(=O)N1C[C@@H](F)C[C@H]1C(=O)c1nnc(C2CCCCC2)o1,"CHEMBL391645",846,"NO GOOD POSES FOUND",0.27,,,,,,,,,,,,,,
COc1cc2c(cc1OC)[C@@H]1C[C@@H]([NH3+])[C@@H](c3ccccn3)CN1CC2,"CHEMBL392083",853,"NO POSES STORED FOR LIGAND",2.23,,,,,,,,,,,,,,
COc1cc2c(cc1OC)[C@@H]1C[C@@H](N)[C@@H](c3ccccn3)C[N@H+]1CC2,"CHEMBL392083",854,"NO POSES STORED FOR LIGAND",2.34,,,,,,,,,,,,,,
COc1cc2c(cc1OC)[C@@H]1C[C@@H](N)[C@@H](c3ccccn3)CN1CC2,"CHEMBL392083",855,"NO POSES STORED FOR LIGAND",1.86,,,,,,,,,,,,,,
COc1cc2c(cc1OC)[C@@H]1C[C@@H]([NH3+])[C@@H](c3ccc(C)cc3)CN1CC2,"CHEMBL392084",856,"NO POSES STORED FOR LIGAND",2.15,,,,,,,,,,,,,,
COc1cc2c(cc1OC)[C@@H]1C[C@@H](N)[C@@H](c3ccc(C)cc3)CN1CC2,"CHEMBL392084",857,"NO POSES STORED FOR LIGAND",1.67,,,,,,,,,,,,,,
CC(C)(C)NCC(=O)N1C[C@@H](F)C[C@H]1C(=O)c1noc(C(C)(C)C)n1,"CHEMBL392552",866,"NO GOOD POSES FOUND",0.24,,,,,,,,,,,,,,
N[C@H]1CN(c2cc(-c3cccc(Cl)c3)ncn2)C[C@@H]1c1ccccc1,"CHEMBL392697",870,"NO POSES STORED FOR LIGAND",2.17,,,,,,,,,,,,,,
CCN(CC)C(=O)[C@@H]1CN[C@H](C(=O)N2CCC[C@H]2C#N)C1,"CHEMBL393498",877,"NO GOOD POSES FOUND",0.15,,,,,,,,,,,,,,
CC(C)(Cc1ccc(F)cc1)NCC(=O)N1C[C@@H](F)C[C@H]1C(=O)c1nnc(C(C)(C)C)o1,"CHEMBL393947",883,"NO GOOD POSES FOUND",0.49,,,,,,,,,,,,,,
C[C@@H]1N[C@H](C(=O)N2CCC[C@H]2C#N)C[C@@H]1C(=O)N1CCCC1,"CHEMBL393957",885,"NO GOOD POSES FOUND",0.12,,,,,,,,,,,,,,
C[C@@H]1N[C@H](C(=O)N2CCC[C@H]2C#N)C[C@@H]1C(=O)N1CCSCC1,"CHEMBL394165",887,"NO GOOD POSES FOUND",0.13,,,,,,,,,,,,,,
CCCC[C@H]1CN(c2ccc3ccccc3c2)CC[C@H]1[NH3+],"CHEMBL394507",888,"NO POSES STORED FOR LIGAND",3.63,,,,,,,,,,,,,,
CCN(C)C(=O)[C@H]1C[C@@H](C(=O)N2CCC[C@H]2C#N)N[C@H]1C,"CHEMBL394932",903,"NO GOOD POSES FOUND",0.08,,,,,,,,,,,,,,
CC(C)(C)NCC(=O)N1CCC[C@H]1C(=O)c1nnc(C(C)(C)C)o1,"CHEMBL395166",907,"NO GOOD POSES FOUND",0.2,,,,,,,,,,,,,,
O=C([C@@H]1C[C@H]([NH+]2CCC(c3ccccc3)CC2)CN1)N1CCSC1,"CHEMBL395606",912,"NO POSES STORED FOR LIGAND",7.45,,,,,,,,,,,,,,
O=C([C@@H]1C[C@H](N2CCC(c3ccccc3)CC2)CN1)N1CCSC1,"CHEMBL395606",914,"NO GOOD POSES FOUND",0.11,,,,,,,,,,,,,,
O=C([C@@H]1C[C@H](N2CCN(c3ccccn3)CC2)CN1)N1CCSC1,"CHEMBL395854",921,"NO GOOD POSES FOUND",0.15,,,,,,,,,,,,,,
N#C[C@@H]1CCCN1C(=O)[C@@H]1C[C@H](c2ccccc2)CN1,"CHEMBL396512",927,"NO GOOD POSES FOUND",0.07,,,,,,,,,,,,,,
Cc1cccc(C)c1[C@@H]1CN[C@H](C(=O)N2CCC[C@H]2C#N)C1,"CHEMBL396513",929,"NO GOOD POSES FOUND",0.09,,,,,,,,,,,,,,
O=C([C@@H]1C[C@H](N2CCN(c3ccc(F)cc3)CC2)CN1)N1CCSC1,"CHEMBL397893",950,"NO GOOD POSES FOUND",0.15,,,,,,,,,,,,,,
N#Cc1ccnc(N2CCN([C@@H]3CN[C@H](C(=O)N4CCSC4)C3)CC2)c1,"CHEMBL399405",968,"NO GOOD POSES FOUND",0.16,,,,,,,,,,,,,,
CCC(C)(C)c1nnc(C(=O)[C@@H]2C[C@H](F)CN2C(=O)CNC(C)(C)C)o1,"CHEMBL399408",970,"NO GOOD POSES FOUND",0.25,,,,,,,,,,,,,,
O=C([C@@H]1C[C@H](N2CCN(c3ccc([N+](=O)[O-])cn3)CC2)CN1)N1CCSC1,"CHEMBL399610",981,"NO GOOD POSES FOUND",0.16,,,,,,,,,,,,,,
CC(C)(C)NCC(=O)N1CCC[C@H]1C(=O)c1noc(-c2ccc(F)cc2)n1,"CHEMBL399615",983,"NO GOOD POSES FOUND",0.18,,,,,,,,,,,,,,
C[C@H](c1ccc([N+](=O)[O-])cc1)[N@@H+]1C[C@H](N)[C@H](C(=O)N2CCCC2)C1,"CHEMBL399693",985,"NO POSES STORED FOR LIGAND",3.45,,,,,,,,,,,,,,
C[C@H](c1ccc([N+](=O)[O-])cc1)N1C[C@H](N)[C@H](C(=O)N2CCCC2)C1,"CHEMBL399693",986,"NO POSES STORED FOR LIGAND",4.46,,,,,,,,,,,,,,
Cc1nnc(-c2ccc(C[N@H+]3C[C@H](N)[C@H](C(=O)N4CCC[C@H]4C#N)C3)cc2)o1,"CHEMBL399726",988,"NO POSES STORED FOR LIGAND",5.54,,,,,,,,,,,,,,
COc1ccc2c(c1OC)CN(C)c1c-2ccc2cc3c(cc12)OCO3,"CHEMBL400359",1000,"INVALID ATOM(S), ETC.",0.06,,,,,,,,,,,,,,
N#C[C@@H]1CCCN1C(=O)[C@@H]1C[C@H](C(=O)N2CCCCC2)CN1,"CHEMBL400613",1008,"NO GOOD POSES FOUND",0.14,,,,,,,,,,,,,,
N#C[C@@H]1CCCN1C(=O)[C@@H]1C[C@H](C(=O)N2CCCCCC2)CN1,"CHEMBL400614",1010,"NO GOOD POSES FOUND",0.32,,,,,,,,,,,,,,
N#C[C@@H]1CCCN1C(=O)[C@@H]1C[C@H](C(=O)N2CCSCC2)CN1,"CHEMBL400615",1012,"NO GOOD POSES FOUND",0.14,,,,,,,,,,,,,,
COc1cc2c(cc1OC)[C@@H]1C[C@@H]([NH3+])[C@@H](c3cccc(C)c3)CN1CC2,"CHEMBL400624",1013,"NO POSES STORED FOR LIGAND",2.1,,,,,,,,,,,,,,
COc1cc2c(cc1OC)[C@@H]1C[C@@H](N)[C@@H](c3cccc(C)c3)CN1CC2,"CHEMBL400624",1014,"NO POSES STORED FOR LIGAND",1.76,,,,,,,,,,,,,,
CC#CCn1c(N2CCNCC2)nc2cnn(Cc3nc(C)c4ccccc4n3)c(=O)c21,"CHEMBL401971",1043,"NO GOOD POSES FOUND",0.13,,,,,,,,,,,,,,
CCN(CC#N)C(=O)[C@@H]1C[C@H](C(=O)N2CCOCC2)[C@H](C)N1,"CHEMBL402466",1052,"NO GOOD POSES FOUND",0.12,,,,,,,,,,,,,,
CC(C)c1nsc(N2CCN(C(=O)[C@@H]3CN[C@H](C(=O)N4CCCC4)C3)CC2)n1,"CHEMBL402645",1057,"NO GOOD POSES FOUND",0.41,,,,,,,,,,,,,,
O=C(c1ccccn1)[C@@H]1CCCN1C(=O)[C@@H]1C[C@@H]2CCCC[C@@H]2N1,"CHEMBL403160",1063,"NO GOOD POSES FOUND",0.12,,,,,,,,,,,,,,
Cc1nsc(N2CCN(C(=O)[C@@H]3CN[C@H](C(=O)N4CCSC4)C3)CC2)n1,"CHEMBL403449",1068,"NO GOOD POSES FOUND",0.32,,,,,,,,,,,,,,
O=C([C@@H]1CCCN1)N1CCCC1,"CHEMBL403882",1073,"NO GOOD POSES FOUND",0.04,,,,,,,,,,,,,,
O=C([C@@H]1CN[C@H](C(=O)N2CCCC2)C1)N1CCN(c2ncns2)CC1,"CHEMBL403969",1075,"NO GOOD POSES FOUND",0.32,,,,,,,,,,,,,,
Cc1ncc(N2CCN(C(=O)[C@@H]3CN[C@H](C(=O)N4CCCC4)C3)CC2)s1,"CHEMBL403970",1077,"NO GOOD POSES FOUND",0.35,,,,,,,,,,,,,,
O=C(c1nc2ccccc2s1)[C@@H]1CCCN1C(=O)[C@@H]1C[C@@H]2CCCC[C@@H]2N1,"CHEMBL404030",1079,"NO GOOD POSES FOUND",0.11,,,,,,,,,,,,,,
Cc1nsc(C2CCN(C(=O)[C@@H]3CN[C@H](C(=O)N4CCCC4)C3)CC2)n1,"CHEMBL404159",1081,"NO GOOD POSES FOUND",0.15,,,,,,,,,,,,,,
CCN(CC#N)C(=O)[C@@H]1C[C@H](C(=O)NCc2ccccc2)[C@H](C)[NH2+]1,"CHEMBL406219",1094,"NO POSES STORED FOR LIGAND",3.99,,,,,,,,,,,,,,
CCN(CC#N)C(=O)[C@@H]1C[C@H](C(=O)NCc2ccccc2)[C@H](C)N1,"CHEMBL406219",1095,"NO POSES STORED FOR LIGAND",6.03,,,,,,,,,,,,,,
CCN(CC#N)C(=O)[C@@H]1C[C@H](C(=O)N(C)C)[C@H](C)N1,"CHEMBL407296",1099,"NO GOOD POSES FOUND",0.06,,,,,,,,,,,,,,
C[C@H]1N[C@H](C(=O)N2CCC[C@H]2C#N)C[C@H]1C(=O)N(C)C,"CHEMBL409010",1101,"NO GOOD POSES FOUND",0.09,,,,,,,,,,,,,,
Cc1ccc(O)c(C)c1[C@@H]1C[NH2+][C@H](C(=O)N2CCC[C@H]2C#N)C1,"CHEMBL413797",1106,"NO POSES STORED FOR LIGAND",2.72,,,,,,,,,,,,,,
Cc1ccc(O)c(C)c1[C@@H]1CN[C@H](C(=O)N2CCC[C@H]2C#N)C1,"CHEMBL413797",1107,"NO POSES STORED FOR LIGAND",5.05,,,,,,,,,,,,,,
N#C[C@@H]1CCCN1C(=O)[C@@H]1C[C@H](C(=O)N2CCOCC2)CN1,"CHEMBL415647",1109,"NO GOOD POSES FOUND",0.15,,,,,,,,,,,,,,
N[C@H](C(=O)N1C[C@@H](F)[C@H](F)C1)[C@H]1CC[C@H](NC(=O)OCc2ccccc2)CC1,"CHEMBL416008",1111,"NO POSES STORED FOR LIGAND",5.51,,,,,,,,,,,,,,
Cc1cccc(C)c1N1C(=O)c2ccc([O-])cc2C1=O,"CHEMBL424612",1116,"INVALID ATOM(S), ETC.",0.03,,,,,,,,,,,,,,
Cc1cccc(C)c1N1C(=O)c2ccc(O)cc2C1=O,"CHEMBL424612",1117,"NO GOOD POSES FOUND",0.03,,,,,,,,,,,,,,
COc1cc2c(cc1OC)CN(C(=O)CCNCC(=O)N1CCC[C@H]1C#N)CC2,"CHEMBL424854",1120,"NO GOOD POSES FOUND",0.82,,,,,,,,,,,,,,
C[C@@H](CC(=O)N1CCc2ccccc2C1)NCC(=O)N1CCC[C@H]1C#N,"CHEMBL425585",1131,"NO GOOD POSES FOUND",0.4,,,,,,,,,,,,,,
CC(C)(CC(=O)N1CCc2cc(F)cc(F)c2C1)NCC(=O)N1CCC[C@H]1C#N,"CHEMBL425756",1133,"NO GOOD POSES FOUND",0.48,,,,,,,,,,,,,,
O=C([C@@H]1CN[C@H](C(=O)N2CCC(F)(F)C2)C1)N1Cc2ccccc2C1,"CHEMBL427219",1146,"NO GOOD POSES FOUND",0.11,,,,,,,,,,,,,,
N#C[C@@H]1CCCN1C(=O)[C@@H]1C[C@H](C(=O)N2CCCC2)CN1,"CHEMBL428369",1156,"NO GOOD POSES FOUND",0.13,,,,,,,,,,,,,,
C[C@@H]1N[C@H](C(=O)N2CCC[C@H]2C#N)C[C@@H]1C(=O)N1CCOCC1,"CHEMBL429258",1171,"NO GOOD POSES FOUND",0.13,,,,,,,,,,,,,,
COc1cc2c(cc1OC)[C@@H]1C[C@@H]([NH3+])[C@@H](c3cccc(Cl)c3)CN1CC2,"CHEMBL429982",1179,"NO POSES STORED FOR LIGAND",2.01,,,,,,,,,,,,,,
COc1cc2c(cc1OC)[C@@H]1C[C@@H](N)[C@@H](c3cccc(Cl)c3)CN1CC2,"CHEMBL429982",1180,"NO POSES STORED FOR LIGAND",1.87,,,,,,,,,,,,,,
COc1cc2c(cc1OC)[C@@H]1C[C@@H](N)[C@@H](c3cccc(Cl)c3)C[N@H+]1CC2,"CHEMBL429982",1181,"NO POSES STORED FOR LIGAND",2.33,,,,,,,,,,,,,,
C[C@@H]1N[C@H](C(=O)N2CCC[C@H]2C#N)C[C@@H]1CC(=O)N(C)C,"CHEMBL430057",1183,"NO GOOD POSES FOUND",0.08,,,,,,,,,,,,,,
N#C[C@@H]1CCCN1C(=O)CNC1CCCCC1,"CHEMBL431425",1185,"NO GOOD POSES FOUND",0.07,,,,,,,,,,,,,,
C=C(C)C[C@@H]1CN[C@H](C(=O)N2CCC[C@H]2C#N)C1,"CHEMBL437570",1205,"NO GOOD POSES FOUND",0.09,,,,,,,,,,,,,,
CCCc1nsc(N2CCN(C(=O)[C@@H]3CN[C@H](C(=O)N4CCCC4)C3)CC2)n1,"CHEMBL437592",1207,"NO GOOD POSES FOUND",1.01,,,,,,,,,,,,,,
CCN(CC#N)C(=O)[C@@H]1C[C@H](C(=O)N2Cc3ccccc3C2)[C@H](C)[NH2+]1,"CHEMBL438547",1214,"NO POSES STORED FOR LIGAND",3.33,,,,,,,,,,,,,,
CCN(CC#N)C(=O)[C@@H]1C[C@H](C(=O)N2Cc3ccccc3C2)[C@H](C)N1,"CHEMBL438547",1215,"NO GOOD POSES FOUND",0.08,,,,,,,,,,,,,,
Cc1cnc(N2CCN(C(=O)[C@@H]3CN[C@H](C(=O)N4CCCC4)C3)CC2)s1,"CHEMBL439067",1219,"NO GOOD POSES FOUND",0.34,,,,,,,,,,,,,,
CC(C)(CC(=O)N[C@@H]1C[C@H]1c1cccc(Cl)c1)NCC(=O)N1C[C@@H](F)C[C@H]1C#N,"CHEMBL447393",1251,"NO POSES STORED FOR LIGAND",7.89,,,,,,,,,,,,,,
Cc1cc2ccccc2n1C[C@H](C)NCC(=O)N1CCC[C@H]1C#N,"CHEMBL451319",1254,"NO GOOD POSES FOUND",0.17,,,,,,,,,,,,,,
N#C[C@@H]1C[C@H](F)CN1C(=O)CN[C@H]1[C@@H]2C[C@H]3C[C@@H](C2)C[C@@H]1C3,"CHEMBL451937",1259,"NO GOOD POSES FOUND",0.06,,,,,,,,,,,,,,
N#Cc1cccnc1N1C[C@@H]2[C@H](C1)[C@H]2NCC(=O)N1C[C@@H](F)C[C@H]1C#N,"CHEMBL452998",1277,"NO GOOD POSES FOUND",0.12,,,,,,,,,,,,,,
CO[C@@]12C[C@@H]3C[C@@H](C[C@@](NCC(=O)N4C[C@@H](F)C[C@H]4C#N)(C3)C1)C2,"CHEMBL454193",1285,"NO GOOD POSES FOUND",0.12,,,,,,,,,,,,,,
CC1(NCC(=O)N2C[C@H](F)C[C@@H]2C#N)CCN(S(C)(=O)=O)CC1,"CHEMBL456419",1290,"NO GOOD POSES FOUND",0.15,,,,,,,,,,,,,,
CN(C)C(=O)[C@@H](c1ccc(C2=CN3N=CN[C@@H]3C=C2)cc1)[C@H](N)C(=O)N1CC[C@H](F)C1,"CHEMBL459357",1298,"NO POSES STORED FOR LIGAND",3.36,,,,,,,,,,,,,,
CN(C)C(=O)[C@@H](c1ccc(C2=CN3NC=N[C@@H]3C=C2)cc1)[C@H](N)C(=O)N1CC[C@H](F)C1,"CHEMBL459357",1301,"NO POSES STORED FOR LIGAND",2.8,,,,,,,,,,,,,,
CCOc1cccc([C@H]2C[C@@H]2NC(=O)CC(C)(C)NCC(=O)N2C[C@@H](F)C[C@H]2C#N)c1,"CHEMBL462839",1357,"NO POSES STORED FOR LIGAND",8.4,,,,,,,,,,,,,,
CC(C)(CC(=O)N[C@H]1C[C@@H]1c1cccc(OC(F)(F)F)c1)NCC(=O)N1C[C@@H](F)C[C@H]1C#N,"CHEMBL463230",1359,"NO POSES STORED FOR LIGAND",9.48,,,,,,,,,,,,,,
CC(C)(CC(=O)N[C@H]1C[C@@H]1c1cccc(Cl)c1)NCC(=O)N1CC(F)(F)C[C@H]1C#N,"CHEMBL463231",1360,"NO POSES STORED FOR LIGAND",7.19,,,,,,,,,,,,,,
COc1ccc([C@H]2C[C@@H]2NC(=O)CC(C)(C)[NH2+]CC(=O)N2C[C@@H](F)C[C@H]2C#N)cc1,"CHEMBL463277",1362,"NO POSES STORED FOR LIGAND",6.46,,,,,,,,,,,,,,
COc1ccc([C@H]2C[C@@H]2NC(=O)CC(C)(C)NCC(=O)N2C[C@@H](F)C[C@H]2C#N)cc1,"CHEMBL463277",1363,"NO POSES STORED FOR LIGAND",7.3,,,,,,,,,,,,,,
CC(C)(CC(=O)N[C@H]1C[C@@H]1c1cccc(Cl)c1)NCC(=O)N1CCC[C@H]1C#N,"CHEMBL463481",1365,"NO POSES STORED FOR LIGAND",7.95,,,,,,,,,,,,,,
CC(C)(CC(=O)N[C@H]1C[C@@H]1c1ccccc1)[NH2+]CC(=O)N1C[C@@H](F)C[C@H]1C#N,"CHEMBL464092",1366,"NO POSES STORED FOR LIGAND",6.71,,,,,,,,,,,,,,
CC(C)(CC(=O)N[C@H]1C[C@@H]1c1ccccc1)NCC(=O)N1C[C@@H](F)C[C@H]1C#N,"CHEMBL464092",1367,"NO POSES STORED FOR LIGAND",8.08,,,,,,,,,,,,,,
CC(C)(CC(=O)N[C@H]1C[C@@H]1c1cccc(F)c1)NCC(=O)N1C[C@@H](F)C[C@H]1C#N,"CHEMBL464093",1369,"NO POSES STORED FOR LIGAND",7.93,,,,,,,,,,,,,,
CC(C)OCCCNCC(=O)N1C[C@@H](F)C[C@H]1C#N,"CHEMBL469452",1375,"NO GOOD POSES FOUND",0.21,,,,,,,,,,,,,,
N#C[C@@H]1C[C@H](F)CN1C(=O)CNC1CC1,"CHEMBL470330",1399,"NO GOOD POSES FOUND",0.04,,,,,,,,,,,,,,
N#C[C@@H]1C[C@H](F)CN1C(=O)CNC1CCC1,"CHEMBL470476",1400,"NO GOOD POSES FOUND",0.06,,,,,,,,,,,,,,
N#C[C@@H]1C[C@H](F)CN1C(=O)CNC1CCCC1,"CHEMBL470477",1403,"NO GOOD POSES FOUND",0.1,,,,,,,,,,,,,,
N#C[C@@H]1C[C@H](F)CN1C(=O)CNC1CCCCCCC1,"CHEMBL470681",1405,"NO GOOD POSES FOUND",0.23,,,,,,,,,,,,,,
CC(C)CN(CC(C)(C)NCC(=O)N1C[C@@H](F)C[C@H]1C#N)C(=O)c1ccccc1,"CHEMBL470893",1407,"NO GOOD POSES FOUND",0.96,,,,,,,,,,,,,,
CC(C)(CN(Cc1ccc(C#N)cc1)C(=O)c1ccccc1)[NH2+]CC(=O)N1C[C@@H](F)C[C@H]1C#N,"CHEMBL471088",1408,"NO POSES STORED FOR LIGAND",5.68,,,,,,,,,,,,,,
CC(C)(CN(Cc1ccc(C#N)cc1)C(=O)c1ccccc1)NCC(=O)N1C[C@@H](F)C[C@H]1C#N,"CHEMBL471088",1409,"NO GOOD POSES FOUND",0.85,,,,,,,,,,,,,,
CC(C)(NCC(=O)N1C[C@@H](F)C[C@H]1C#N)c1ccco1,"CHEMBL471089",1411,"NO GOOD POSES FOUND",0.07,,,,,,,,,,,,,,
CNC(=O)c1ccc(N2C[C@@H]3[C@H](C2)[C@H]3NCC(=O)N2C[C@@H](F)C[C@H]2C#N)cc1,"CHEMBL471784",1418,"NO POSES STORED FOR LIGAND",3.9,,,,,,,,,,,,,,
N#C[C@@H]1C[C@H](F)CN1C(=O)CN[C@H]1[C@@H]2CN(c3ccc(C(=O)NC4CC4)cc3)C[C@@H]21,"CHEMBL471785",1420,"NO POSES STORED FOR LIGAND",3.88,,,,,,,,,,,,,,
N#C[C@@H]1C[C@H](F)CN1C(=O)CN[C@H]1[C@@H]2CN(c3ccc(Cl)cn3)C[C@@H]21,"CHEMBL471956",1429,"NO GOOD POSES FOUND",0.1,,,,,,,,,,,,,,
N#Cc1ccccc1N1C[C@@H]2[C@H](C1)[C@H]2NCC(=O)N1C[C@@H](F)C[C@H]1C#N,"CHEMBL471960",1431,"NO GOOD POSES FOUND",0.11,,,,,,,,,,,,,,
CC(C)(NCC(=O)N1C[C@@H](F)C[C@H]1C#N)c1cc2ccccc2o1,"CHEMBL472100",1437,"NO GOOD POSES FOUND",0.09,,,,,,,,,,,,,,
COc1ccc(CCNCC(=O)N2C[C@@H](F)C[C@H]2C#N)cc1OC,"CHEMBL472101",1439,"NO GOOD POSES FOUND",0.18,,,,,,,,,,,,,,
CC(C)NCC(=O)N1C[C@@H](F)C[C@H]1C#N,"CHEMBL472102",1441,"NO GOOD POSES FOUND",0.06,,,,,,,,,,,,,,
CC(C)(CC(=O)N[C@H]1C[C@@H]1c1cccnc1)NCC(=O)N1C[C@@H](F)C[C@H]1C#N,"CHEMBL472797",1447,"NO POSES STORED FOR LIGAND",7.91,,,,,,,,,,,,,,
O=C([C@@H]1C[C@H](N2CCN(c3ncccn3)CC2)CN1)N1C[C@@H](F)[C@H](F)C1,"CHEMBL472992",1454,"NO GOOD POSES FOUND",0.15,,,,,,,,,,,,,,
O=C([C@@H]1C[C@H](N2CCN(c3ncccn3)CC2)CN1)N1CCC1,"CHEMBL472993",1457,"NO GOOD POSES FOUND",0.15,,,,,,,,,,,,,,
O=C([C@@H]1C[C@@H]([NH+]2CCN(c3ncccn3)CC2)CN1)N1CCC(F)(F)C1,"CHEMBL472995",1458,"NO POSES STORED FOR LIGAND",4.19,,,,,,,,,,,,,,
O=C([C@@H]1C[C@@H](N2CCN(c3ncccn3)CC2)CN1)N1CCC(F)(F)C1,"CHEMBL472995",1460,"NO GOOD POSES FOUND",0.13,,,,,,,,,,,,,,
CC(C)(CC(=O)N[C@H]1C[C@@H]1c1ccccc1)[NH2+]CC(=O)N1CCC[C@H]1C#N,"CHEMBL473166",1461,"NO POSES STORED FOR LIGAND",7.48,,,,,,,,,,,,,,
CC(C)(CC(=O)N[C@H]1C[C@@H]1c1cccc(F)c1)NCC(=O)N1CCC[C@H]1C#N,"CHEMBL473172",1464,"NO POSES STORED FOR LIGAND",7.31,,,,,,,,,,,,,,
CC(C)(CC(=O)N[C@H]1C[C@@H]1c1ccc(C(F)(F)F)cc1)NCC(=O)N1CCC[C@H]1C#N,"CHEMBL473176",1466,"NO POSES STORED FOR LIGAND",9.93,,,,,,,,,,,,,,
O=C([C@@H]1C[C@H](N2CCN(c3ncccn3)CC2)CN1)N1CC(F)C1,"CHEMBL473188",1469,"NO GOOD POSES FOUND",0.16,,,,,,,,,,,,,,
O=C([C@@H]1C[C@H](N2CCN(c3ncccn3)CC2)CN1)N1CCCC1,"CHEMBL473418",1472,"NO GOOD POSES FOUND",0.15,,,,,,,,,,,,,,
O=C([C@@H]1C[C@H](N2CCN(c3ncccn3)CC2)CN1)N1CC[C@@H](F)C1,"CHEMBL473419",1475,"NO GOOD POSES FOUND",0.15,,,,,,,,,,,,,,
CC(C)(CC(=O)N[C@H]1C[C@@H]1c1cccc(C(F)(F)F)c1)NCC(=O)N1CCC[C@H]1C#N,"CHEMBL473973",1479,"NO POSES STORED FOR LIGAND",10.58,,,,,,,,,,,,,,
O=C([C@@H]1C[C@H](N2CCN(c3cnccn3)CC2)CN1)N1CCC(F)(F)C1,"CHEMBL474409",1490,"NO GOOD POSES FOUND",0.15,,,,,,,,,,,,,,
O=C([C@@H]1C[C@H]([NH+]2CCN(c3ccc(C(F)(F)F)cn3)CC2)CN1)N1CCC(F)(F)C1,"CHEMBL474410",1491,"NO POSES STORED FOR LIGAND",7.3,,,,,,,,,,,,,,
O=C([C@@H]1C[C@H](N2CCN(c3ccc(C(F)(F)F)cn3)CC2)CN1)N1CCC(F)(F)C1,"CHEMBL474410",1493,"NO GOOD POSES FOUND",0.23,,,,,,,,,,,,,,
O=C([C@@H]1C[C@H](N2CCN(c3ncccn3)CC2)CN1)N1C[C@@H](F)[C@@H](F)C1,"CHEMBL474421",1496,"NO GOOD POSES FOUND",0.16,,,,,,,,,,,,,,
CC(C)(CC(=O)N[C@@H]1C[C@H]1c1cccc(Cl)c1)NCC(=O)N1CCC[C@H]1C#N,"CHEMBL474768",1504,"NO POSES STORED FOR LIGAND",8.35,,,,,,,,,,,,,,
CC(C)(CC(=O)N[C@H]1C[C@@H]1c1ccc(Cl)c(Cl)c1)NCC(=O)N1CCC[C@H]1C#N,"CHEMBL474959",1510,"NO POSES STORED FOR LIGAND",7.46,,,,,,,,,,,,,,
COc1ccc([C@H]2C[C@@H]2NC(=O)CC(C)(C)[NH2+]CC(=O)N2CCC[C@H]2C#N)cc1OC,"CHEMBL474960",1511,"NO POSES STORED FOR LIGAND",7.05,,,,,,,,,,,,,,
COc1ccc([C@H]2C[C@@H]2NC(=O)CC(C)(C)NCC(=O)N2CCC[C@H]2C#N)cc1OC,"CHEMBL474960",1512,"NO POSES STORED FOR LIGAND",8.52,,,,,,,,,,,,,,
O=C([C@@H]1C[C@H](N2CCN(c3noc4ccccc34)CC2)CN1)N1CCC(F)(F)C1,"CHEMBL475246",1519,"NO GOOD POSES FOUND",0.16,,,,,,,,,,,,,,
O=C([C@@H]1C[C@H](N2CCN(c3nc4ccncc4o3)CC2)CN1)N1CCC(F)(F)C1,"CHEMBL475573",1524,"NO GOOD POSES FOUND",0.16,,,,,,,,,,,,,,
O=C([C@@H]1C[C@H](N2CCN(c3nc4cnccc4o3)CC2)CN1)N1CCC(F)(F)C1,"CHEMBL475574",1527,"NO GOOD POSES FOUND",0.16,,,,,,,,,,,,,,
O=C([C@@H]1C[C@H](N2CCN(c3nc4cccnc4o3)CC2)CN1)N1CCC(F)(F)C1,"CHEMBL475586",1530,"NO GOOD POSES FOUND",0.16,,,,,,,,,,,,,,
N#Cc1ccc(N2C[C@@H]3[C@H](C2)[C@H]3NCC(=O)N2C[C@@H](F)C[C@H]2C#N)cc1,"CHEMBL479380",1542,"NO GOOD POSES FOUND",0.58,,,,,,,,,,,,,,
N#Cc1ccc(N2C[C@@H]3[C@H](C2)[C@H]3NCC(=O)N2C[C@@H](F)C[C@H]2C#N)c(F)c1,"CHEMBL479381",1544,"NO GOOD POSES FOUND",0.13,,,,,,,,,,,,,,
N#Cc1c(Cl)cccc1N1C[C@@H]2[C@H](C1)[C@H]2NCC(=O)N1C[C@@H](F)C[C@H]1C#N,"CHEMBL479538",1546,"NO GOOD POSES FOUND",0.12,,,,,,,,,,,,,,
N#Cc1ccc(N2C[C@@H]3[C@H](C2)[C@H]3NCC(=O)N2C[C@@H](F)C[C@H]2C#N)cc1F,"CHEMBL479567",1548,"NO GOOD POSES FOUND",0.1,,,,,,,,,,,,,,
N#C[C@@H]1C[C@H](F)CN1C(=O)CN[C@H]1[C@@H]2CN(c3ccc([N+](=O)[O-])cn3)C[C@@H]21,"CHEMBL479736",1550,"NO GOOD POSES FOUND",0.12,,,,,,,,,,,,,,
N#Cc1c(F)cccc1N1C[C@@H]2[C@H](C1)[C@H]2NCC(=O)N1C[C@@H](F)C[C@H]1C#N,"CHEMBL479794",1552,"NO GOOD POSES FOUND",0.11,,,,,,,,,,,,,,
N#Cc1cc(F)ccc1N1C[C@@H]2[C@H](C1)[C@H]2NCC(=O)N1C[C@@H](F)C[C@H]1C#N,"CHEMBL479803",1554,"NO GOOD POSES FOUND",0.11,,,,,,,,,,,,,,
N#C[C@@H]1C[C@H](F)CN1C(=O)CN[C@H]1[C@@H]2CN(c3nccs3)C[C@@H]21,"CHEMBL479983",1556,"NO GOOD POSES FOUND",0.09,,,,,,,,,,,,,,
CCOC(=O)c1ccc(N2C[C@@H]3[C@H](C2)[C@H]3NCC(=O)N2C[C@@H](F)C[C@H]2C#N)cc1,"CHEMBL480154",1560,"NO GOOD POSES FOUND",0.26,,,,,,,,,,,,,,
N#C[C@@H]1C[C@H](F)CN1C(=O)CN[C@H]1[C@@H]2CN(c3ccc(C(F)(F)F)cn3)C[C@@H]21,"CHEMBL480324",1564,"NO GOOD POSES FOUND",0.18,,,,,,,,,,,,,,
N#C[C@@H]1C[C@H](F)CN1C(=O)CN[C@H]1[C@@H]2CN(c3nc4ccccc4s3)C[C@@H]21,"CHEMBL480536",1566,"NO GOOD POSES FOUND",0.12,,,,,,,,,,,,,,
N#C[C@@H]1C[C@H](F)CN1C(=O)CN[C@H]1[C@@H]2CN(c3nc4ccccc4o3)C[C@@H]21,"CHEMBL480537",1568,"NO GOOD POSES FOUND",0.1,,,,,,,,,,,,,,
N#C[C@@H]1C[C@H](F)CN1C(=O)CN[C@H]1[C@@H]2CN(c3ncccc3[N+](=O)[O-])C[C@@H]21,"CHEMBL480705",1574,"NO GOOD POSES FOUND",0.22,,,,,,,,,,,,,,
N#Cc1ccc(N2C[C@@H]3[C@H](C2)[C@H]3NCC(=O)N2CC(F)(F)C[C@H]2C#N)nc1,"CHEMBL480712",1576,"NO GOOD POSES FOUND",0.5,,,,,,,,,,,,,,
N#Cc1cc(C(F)(F)F)ccc1N1C[C@@H]2[C@H](C1)[C@H]2NCC(=O)N1C[C@@H](F)C[C@H]1C#N,"CHEMBL480781",1578,"NO GOOD POSES FOUND",0.7,,,,,,,,,,,,,,
N#Cc1ccc(N2C[C@@H]3[C@H](C2)[C@H]3NCC(=O)N2C[C@@H](F)C[C@H]2C#N)cc1C(F)(F)F,"CHEMBL480913",1580,"NO GOOD POSES FOUND",0.13,,,,,,,,,,,,,,
CC(=O)c1ccc(N2C[C@@H]3[C@H](C2)[C@H]3NCC(=O)N2C[C@@H](F)C[C@H]2C#N)cc1,"CHEMBL480914",1582,"NO GOOD POSES FOUND",0.12,,,,,,,,,,,,,,
N#Cc1cc(F)cc(N2C[C@@H]3[C@H](C2)[C@H]3NCC(=O)N2C[C@@H](F)C[C@H]2C#N)c1,"CHEMBL480942",1584,"NO GOOD POSES FOUND",0.1,,,,,,,,,,,,,,
N#Cc1ccc(N2C[C@@H]3[C@H](C2)[C@H]3NCC(=O)N2C[C@@H](F)C[C@H]2C#N)c2ccccc12,"CHEMBL480943",1586,"NO GOOD POSES FOUND",0.13,,,,,,,,,,,,,,
N#Cc1cccc(F)c1N1C[C@@H]2[C@H](C1)[C@H]2NCC(=O)N1C[C@@H](F)C[C@H]1C#N,"CHEMBL481177",1593,"NO GOOD POSES FOUND",0.11,,,,,,,,,,,,,,
N#Cc1ccc(N2C[C@@H]3[C@H](C2)[C@H]3NCC(=O)N2C[C@@H](F)C[C@H]2C#N)c(C(F)(F)F)c1,"CHEMBL481288",1595,"NO GOOD POSES FOUND",0.2,,,,,,,,,,,,,,
N#Cc1ccc(N2C[C@@H]3[C@H](C2)[C@H]3NCC(=O)N2C[C@@H](F)C[C@H]2C#N)cc1Cl,"CHEMBL481290",1597,"NO GOOD POSES FOUND",0.11,,,,,,,,,,,,,,
N#Cc1ccc(N2C[C@@H]3[C@H](C2)[C@H]3NCC(=O)N2C[C@@H](F)C[C@H]2C#N)c(Cl)c1,"CHEMBL481669",1601,"NO GOOD POSES FOUND",0.12,,,,,,,,,,,,,,
N#C[C@@H]1C[C@H](F)CN1C(=O)CN[C@H]1[C@@H]2CN(c3cnc4ccccc4n3)C[C@@H]21,"CHEMBL482104",1610,"NO GOOD POSES FOUND",0.11,,,,,,,,,,,,,,
N#C[C@@H]1C[C@H](F)CN1C(=O)CN[C@H]1[C@@H]2CN(c3ncccn3)C[C@@H]21,"CHEMBL482261",1614,"NO GOOD POSES FOUND",0.1,,,,,,,,,,,,,,
N#C[C@@H]1C[C@H](F)CN1C(=O)CN[C@H]1[C@@H]2CN(c3nccc(C(F)(F)F)n3)C[C@@H]21,"CHEMBL482262",1616,"NO GOOD POSES FOUND",0.13,,,,,,,,,,,,,,
CC(C)(CNC(=O)c1ccccn1)NCC(=O)N1C[C@@H](F)C[C@H]1C#N,"CHEMBL487681",1633,"NO POSES STORED FOR LIGAND",7.23,,,,,,,,,,,,,,
CC(C)(CNC(=O)C(C)(C)C)NCC(=O)N1C[C@@H](F)C[C@H]1C#N,"CHEMBL487861",1642,"NO POSES STORED FOR LIGAND",8.38,,,,,,,,,,,,,,
CC(C)(CNC(=O)C1(C)CCCCC1)NCC(=O)N1C[C@@H](F)C[C@H]1C#N,"CHEMBL487862",1644,"NO POSES STORED FOR LIGAND",12.01,,,,,,,,,,,,,,
[NH3+][C@@H](CCCCNC(=O)OCc1ccccc1)C(=O)N1Cc2ccccc2C1,"CHEMBL488227",1654,"NO POSES STORED FOR LIGAND",9.4,,,,,,,,,,,,,,
CC(C)(CNC(=O)c1cccs1)NCC(=O)N1C[C@@H](F)C[C@H]1C#N,"CHEMBL488419",1658,"NO POSES STORED FOR LIGAND",6.73,,,,,,,,,,,,,,
COc1cc2cc(Oc3ccc4ccc(=O)oc4c3)c(=O)oc2cc1O,"CHEMBL508494",1726,"NO GOOD POSES FOUND",0.05,,,,,,,,,,,,,,
COc1cc2cc(Oc3ccc4ccc(=O)oc4c3)c(=O)oc2cc1[O-],"CHEMBL508494",1727,"INVALID ATOM(S), ETC.",0.05,,,,,,,,,,,,,,
CC(C)(/C=C/c1ccccc1)NCC(=O)N1C[C@@H](F)C[C@H]1C#N,"CHEMBL508845",1728,"NO GOOD POSES FOUND",0.13,,,,,,,,,,,,,,
N#C[C@@H]1C[C@H](F)CN1C(=O)CN[C@H]1[C@@H]2CN(c3nccc4ccccc34)C[C@@H]21,"CHEMBL509391",1731,"NO GOOD POSES FOUND",0.11,,,,,,,,,,,,,,
N#C[C@@H]1C[C@H](F)CN1C(=O)CN[C@H]1[C@@H]2CN(c3[nH+]ccc4ccccc34)C[C@@H]21,"CHEMBL509391",1733,"NO POSES STORED FOR LIGAND",5.9,,,,,,,,,,,,,,
N#C[C@@H]1CCCN1C(=O)CN1CCc2ccccc2C1,"CHEMBL509777",1736,"INVALID ATOM(S), ETC.",0.05,,,,,,,,,,,,,,
N#C[C@@H]1CCCN1C(=O)C[N@@H+]1CCc2ccccc2C1,"CHEMBL509777",1737,"NO GOOD POSES FOUND",0.05,,,,,,,,,,,,,,
N#C[C@@H]1C[C@H](F)CN1C(=O)CN[C@H]1[C@@H]2CN(c3ccccn3)C[C@@H]21,"CHEMBL511125",1745,"NO GOOD POSES FOUND",0.1,,,,,,,,,,,,,,
CC[NH+](CC)CC(C)(C)NCC(=O)N1C[C@@H](F)C[C@H]1C#N,"CHEMBL511128",1748,"NO POSES STORED FOR LIGAND",8.69,,,,,,,,,,,,,,
CCN(CC)CC(C)(C)NCC(=O)N1C[C@@H](F)C[C@H]1C#N,"CHEMBL511128",1750,"NO GOOD POSES FOUND",0.59,,,,,,,,,,,,,,
N#C[C@@H]1C[C@H](F)CN1C(=O)CNC12C[C@H]3C[C@@H](C1)C[C@@H](C2)C3,"CHEMBL511785",1754,"NO GOOD POSES FOUND",0.09,,,,,,,,,,,,,,
CC(C)(NCC(=O)N1C[C@@H](F)C[C@H]1C#N)c1ccccn1,"CHEMBL512694",1759,"NO GOOD POSES FOUND",0.08,,,,,,,,,,,,,,
CC(C)(C)NCC(=O)N1C[C@@H](F)C[C@H]1C#N,"CHEMBL512726",1766,"NO GOOD POSES FOUND",0.05,,,,,,,,,,,,,,
CC(C)(NCC(=O)N1C[C@@H](F)C[C@H]1C#N)c1cccs1,"CHEMBL512890",1769,"NO GOOD POSES FOUND",0.08,,,,,,,,,,,,,,
N#Cc1cccnc1N1CCN([C@@H]2CN[C@H](C(=O)N3CCC(F)(F)C3)C2)CC1,"CHEMBL514011",1785,"NO GOOD POSES FOUND",0.16,,,,,,,,,,,,,,
CC(C)(CC(=O)N[C@H]1C[C@@H]1c1ccc(F)cc1)NCC(=O)N1CCC[C@H]1C#N,"CHEMBL514617",1789,"NO POSES STORED FOR LIGAND",6.67,,,,,,,,,,,,,,
O=C([C@@H]1C[C@H](N2CCN(c3ncccn3)CC2)CN1)N1CC[C@H](F)C1,"CHEMBL514623",1792,"NO GOOD POSES FOUND",0.15,,,,,,,,,,,,,,
O=C([C@@H]1C[C@H](N2CCN(c3ncccn3)CC2)CN1)N1CC(F)(F)C1,"CHEMBL514935",1795,"NO GOOD POSES FOUND",0.16,,,,,,,,,,,,,,
O=C([C@@H]1C[C@H](N2CCN(c3ncccn3)CC2)CN1)N1CCC(F)(F)C1,"CHEMBL515387",1800,"NO GOOD POSES FOUND",0.52,,,,,,,,,,,,,,
CC(C)(CC(=O)N[C@H]1C[C@@H]1c1ccc(F)cc1F)NCC(=O)N1CCC[C@H]1C#N,"CHEMBL515552",1804,"NO POSES STORED FOR LIGAND",6.78,,,,,,,,,,,,,,
O=C([C@@H]1C[C@H](N2CCN(c3nc4ccccc4o3)CC2)CN1)N1CCC(F)(F)C1,"CHEMBL515597",1807,"NO GOOD POSES FOUND",0.17,,,,,,,,,,,,,,
O=C([C@@H]1C[C@H](N2CCN(c3ncccn3)CC2)CN1)N1CC(F)(F)C(F)(F)C1,"CHEMBL515869",1810,"NO GOOD POSES FOUND",0.15,,,,,,,,,,,,,,
CC(C)(CC(=O)N[C@H]1C[C@@H]1c1cccc(Cl)c1)NCC(=O)N1C[C@@H](F)C[C@H]1C#N,"CHEMBL517776",1816,"NO POSES STORED FOR LIGAND",7.86,,,,,,,,,,,,,,
COc1cccc([C@H]2C[C@@H]2NC(=O)CC(C)(C)[NH2+]CC(=O)N2C[C@@H](F)C[C@H]2C#N)c1,"CHEMBL518831",1817,"NO POSES STORED FOR LIGAND",7.62,,,,,,,,,,,,,,
COc1cccc([C@H]2C[C@@H]2NC(=O)CC(C)(C)NCC(=O)N2C[C@@H](F)C[C@H]2C#N)c1,"CHEMBL518831",1818,"NO POSES STORED FOR LIGAND",8.62,,,,,,,,,,,,,,
N#Cc1ccc(N2C[C@@H]3[C@H](C2)[C@H]3NCC(=O)N2C[C@@H](F)C[C@H]2C#N)nc1,"CHEMBL519265",1823,"NO GOOD POSES FOUND",0.1,,,,,,,,,,,,,,
N#C[C@@H]1C[C@H](F)CN1C(=O)CN[C@H]1[C@@H]2CN(c3ncccc3Cl)C[C@@H]21,"CHEMBL519272",1825,"NO GOOD POSES FOUND",0.1,,,,,,,,,,,,,,
CC(C)(CNC(=O)c1ccc2nc[nH]c2c1)NCC(=O)N1C[C@@H](F)C[C@H]1C#N,"CHEMBL519585",1829,"NO POSES STORED FOR LIGAND",5.47,,,,,,,,,,,,,,
N#Cc1c(N2C[C@@H]3[C@H](C2)[C@H]3NCC(=O)N2C[C@@H](F)C[C@H]2C#N)cccc1C(F)(F)F,"CHEMBL520266",1838,"NO GOOD POSES FOUND",0.17,,,,,,,,,,,,,,
N#Cc1c(F)cc(N2C[C@@H]3[C@H](C2)[C@H]3NCC(=O)N2C[C@@H](F)C[C@H]2C#N)cc1F,"CHEMBL520434",1840,"NO GOOD POSES FOUND",0.51,,,,,,,,,,,,,,
CN(CC(C)(C)NCC(=O)N1C[C@@H](F)C[C@H]1C#N)S(=O)(=O)c1ccccc1,"CHEMBL520854",1841,"NO GOOD POSES FOUND",0.48,,,,,,,,,,,,,,
CN(CC(C)(C)[NH2+]CC(=O)N1C[C@@H](F)C[C@H]1C#N)S(=O)(=O)c1ccccc1,"CHEMBL520854",1842,"NO POSES STORED FOR LIGAND",4.37,,,,,,,,,,,,,,
N#Cc1c(F)cc(F)cc1N1C[C@@H]2[C@H](C1)[C@H]2NCC(=O)N1C[C@@H](F)C[C@H]1C#N,"CHEMBL520921",1844,"NO GOOD POSES FOUND",0.12,,,,,,,,,,,,,,
N[C@@H](CC(=O)N1CCCN(C(=O)Nc2ccccc2)CC1)Cc1cc(F)c(F)cc1F,"CHEMBL521267",1848,"NO POSES STORED FOR LIGAND",20.49,,,,,,,,,,,,,,
C=CCN(CC=C)C(=O)n1cnc(S(=O)(=O)[C@@H]2C[C@@H]3CC[C@H]2C3)n1,"CHEMBL522909",1851,"INVALID ATOM(S), ETC.",0.11,,,,,,,,,,,,,,
N#C[C@@H]1CCCN1C(=O)/C(N)=C\C(=O)N1Cc2ccccc2C1,"CHEMBL527015",1859,"NO POSES STORED FOR LIGAND",1.28,,,,,,,,,,,,,,
CC(C)N(C)C(=O)n1cnc(S(=O)(=O)[C@@H]2C[C@@H]3CC[C@H]2C3)n1,"CHEMBL537586",1884,"INVALID ATOM(S), ETC.",0.06,,,,,,,,,,,,,,
CCOC(=O)c1c[nH+]c(CN)c2c(OC)c(OC)c(OC)cc12,"CHEMBL539243",1899,"NO POSES STORED FOR LIGAND",4.04,,,,,,,,,,,,,,
CCOC(=O)c1cnc(C[NH+](C)C)c2cc(OC)c(OC)cc12,"CHEMBL543539",1921,"NO GOOD POSES FOUND",0.06,,,,,,,,,,,,,,
CCOC(=O)c1cnc(CN(C)C)c2cc(OC)c(OC)cc12,"CHEMBL543539",1922,"INVALID ATOM(S), ETC.",0.07,,,,,,,,,,,,,,
COc1ccc2c(c1)[nH+]c1n2C[C@H](N)[C@@H](c2cc(F)c(F)cc2F)C1,"CHEMBL550598",1957,"NO POSES STORED FOR LIGAND",1.81,,,,,,,,,,,,,,
N#C[C@@H]1CS[C@H]2C[C@](N)(c3ccc(F)cc3)C(=O)N12,"CHEMBL552403",1974,"NO POSES STORED FOR LIGAND",1.22,,,,,,,,,,,,,,
CCOC(=O)c1cnc(CNC)c2cc(OC)c(OC)cc12,"CHEMBL554682",1989,"NO GOOD POSES FOUND",0.06,,,,,,,,,,,,,,
N#C[C@@H]1CS[C@H]2C[C@](N)(c3ccccc3)C(=O)N12,"CHEMBL564670",2126,"NO POSES STORED FOR LIGAND",1.24,,,,,,,,,,,,,,
COc1cc2c(cc1OC)[C@H]1C[C@@H](N)[C@@H](N3CC[C@@H](C)CC3=O)CN1CC2,"CHEMBL590086",2200,"NO POSES STORED FOR LIGAND",1.63,,,,,,,,,,,,,,
COc1cc2c(cc1OC)[C@H]1C[C@@H](N)[C@@H](N3CC[C@@H](C)C3=O)C[N@@H+]1CC2,"CHEMBL591060",2219,"NO POSES STORED FOR LIGAND",2.7,,,,,,,,,,,,,,
COc1cc2c(cc1OC)[C@@H]1C[C@@H]([NH3+])[C@@H](c3cccc(C4CC4)c3)CN1CC2,"CHEMBL591277",2226,"NO POSES STORED FOR LIGAND",2.47,,,,,,,,,,,,,,
COc1cc2c(cc1OC)[C@@H]1C[C@@H](N)[C@@H](c3cccc(C4CC4)c3)CN1CC2,"CHEMBL591277",2227,"NO POSES STORED FOR LIGAND",2.4,,,,,,,,,,,,,,
COc1cc2c(cc1OC)[C@@H]1C[C@@H]([NH3+])[C@@H](c3cccc(C(C)C)c3)CN1CC2,"CHEMBL591278",2228,"NO POSES STORED FOR LIGAND",1.59,,,,,,,,,,,,,,
COc1cc2c(cc1OC)[C@@H]1C[C@@H](N)[C@@H](c3cccc(C(C)C)c3)CN1CC2,"CHEMBL591278",2229,"NO POSES STORED FOR LIGAND",1.69,,,,,,,,,,,,,,
COc1cc2c(cc1OC)[C@@H]1C[C@@H]([NH3+])[C@@H](c3cccc(CF)c3)CN1CC2,"CHEMBL591279",2230,"NO POSES STORED FOR LIGAND",2.04,,,,,,,,,,,,,,
COc1cc2c(cc1OC)[C@@H]1C[C@@H](N)[C@@H](c3cccc(CF)c3)CN1CC2,"CHEMBL591279",2231,"NO POSES STORED FOR LIGAND",2.17,,,,,,,,,,,,,,
COc1cc2c(cc1OC)[C@H]1C[C@@H]([NH3+])[C@@H](N3C(=O)CC[C@H]3C)CN1CC2,"CHEMBL591289",2232,"NO POSES STORED FOR LIGAND",2.3,,,,,,,,,,,,,,
COc1cc2c(cc1OC)[C@H]1C[C@@H](N)[C@@H](N3C(=O)CC[C@H]3C)CN1CC2,"CHEMBL591289",2233,"NO POSES STORED FOR LIGAND",1.29,,,,,,,,,,,,,,
COc1cc2c(cc1OC)[C@H]1C[C@@H](N)[C@@H](N3C(=O)CC[C@H]3C)C[N@@H+]1CC2,"CHEMBL591289",2234,"NO POSES STORED FOR LIGAND",2.49,,,,,,,,,,,,,,
CCc1cccc([C@H]2CN3CCc4cc(OC)c(OC)cc4[C@@H]3C[C@H]2[NH3+])c1,"CHEMBL591982",2241,"NO POSES STORED FOR LIGAND",1.96,,,,,,,,,,,,,,
CCc1cccc([C@H]2CN3CCc4cc(OC)c(OC)cc4[C@@H]3C[C@H]2N)c1,"CHEMBL591982",2242,"NO POSES STORED FOR LIGAND",1.99,,,,,,,,,,,,,,
COc1cc2c(cc1OC)[C@@H]1C[C@@H]([NH3+])[C@@H](c3cc(CF)ccn3)CN1CC2,"CHEMBL598470",2256,"NO POSES STORED FOR LIGAND",2.27,,,,,,,,,,,,,,
COc1cc2c(cc1OC)[C@@H]1C[C@@H](N)[C@@H](c3cc(CF)ccn3)CN1CC2,"CHEMBL598470",2257,"NO POSES STORED FOR LIGAND",2.23,,,,,,,,,,,,,,
COc1cc2c(cc1OC)[C@@H]1C[C@@H](N)[C@@H](c3cc(CF)ccn3)C[N@H+]1CC2,"CHEMBL598470",2258,"NO POSES STORED FOR LIGAND",2.62,,,,,,,,,,,,,,
COc1cc2c(cc1OC)[C@@H]1C[C@@H]([NH3+])[C@@H](c3cc(C)ccn3)CN1CC2,"CHEMBL598755",2262,"NO POSES STORED FOR LIGAND",2.09,,,,,,,,,,,,,,
COc1cc2c(cc1OC)[C@@H]1C[C@@H](N)[C@@H](c3cc(C)ccn3)C[N@H+]1CC2,"CHEMBL598755",2263,"NO POSES STORED FOR LIGAND",2.14,,,,,,,,,,,,,,
COc1cc2c(cc1OC)[C@@H]1C[C@@H]([NH3+])[C@@H](c3cc(C)ccn3)C[N@H+]1CC2,"CHEMBL598755",2264,"NO POSES STORED FOR LIGAND",2.23,,,,,,,,,,,,,,
CC[C@@H]1CC(=O)N([C@@H]2CN3CCc4cc(OC)c(OC)cc4[C@H]3C[C@H]2[NH3+])C1,"CHEMBL601074",2271,"NO POSES STORED FOR LIGAND",2.11,,,,,,,,,,,,,,
COc1cc2c(cc1OC)[C@@H]1C[C@@H]([NH3+])[C@@H](c3cc(C)ccc3C)CN1CC2,"CHEMBL601937",2274,"NO POSES STORED FOR LIGAND",1.86,,,,,,,,,,,,,,
COc1cc2c(cc1OC)[C@@H]1C[C@@H](N)[C@@H](c3cc(C)ccc3C)CN1CC2,"CHEMBL601937",2275,"NO POSES STORED FOR LIGAND",1.73,,,,,,,,,,,,,,
N#C[C@@H]1CCCN1C(=O)CN[C@@H]1C[C@@H]2C[C@H](OC(=O)Nc3ccccc3)C[C@@H]2C1,"CHEMBL1082345",2280,"NO POSES STORED FOR LIGAND",9.62,,,,,,,,,,,,,,
CO[C@@H]1C[C@H]2C[C@@H](NCC(=O)N3CCC[C@H]3C#N)C[C@H]2C1,"CHEMBL1082346",2282,"NO GOOD POSES FOUND",0.15,,,,,,,,,,,,,,
CO[C@@H]1C[C@H]2C[C@H](NCC(=O)N3CCC[C@H]3C#N)C[C@H]2C1,"CHEMBL1082347",2284,"NO GOOD POSES FOUND",0.19,,,,,,,,,,,,,,
CO[C@H]1C[C@H]2C[C@H](NCC(=O)N3CCC[C@H]3C#N)C[C@H]2C1,"CHEMBL1082348",2286,"NO GOOD POSES FOUND",0.17,,,,,,,,,,,,,,
CC(=O)O[C@H]1C[C@H]2C[C@@H](NCC(=O)N3CCC[C@H]3C#N)C[C@H]2C1,"CHEMBL1082350",2288,"NO GOOD POSES FOUND",0.15,,,,,,,,,,,,,,
CC(C)(CC(=O)N1CCCC1)NCC(=O)N1C[C@@H](F)C[C@H]1C#N,"CHEMBL1082462",2289,"NO GOOD POSES FOUND",0.25,,,,,,,,,,,,,,
CC(C)(CC(=O)N1CC[C@@H](O)C1)NCC(=O)N1C[C@@H](F)C[C@H]1C#N,"CHEMBL1082463",2291,"NO POSES STORED FOR LIGAND",14.46,,,,,,,,,,,,,,
CC(C)(CC(=O)N1CC[C@H](O)C1)NCC(=O)N1C[C@@H](F)C[C@H]1C#N,"CHEMBL1082464",2293,"NO POSES STORED FOR LIGAND",14.49,,,,,,,,,,,,,,
CC(C)(CC(=O)N1CC[C@@H](F)C1)NCC(=O)N1C[C@@H](F)C[C@H]1C#N,"CHEMBL1082465",2295,"NO GOOD POSES FOUND",0.23,,,,,,,,,,,,,,
CO[C@H]1C[C@H]2C[C@@H](NCC(=O)N3CCC[C@H]3C#N)C[C@H]2C1,"CHEMBL1082653",2298,"NO GOOD POSES FOUND",0.15,,,,,,,,,,,,,,
CCO[C@H]1C[C@H]2C[C@@H](NCC(=O)N3CCC[C@H]3C#N)C[C@H]2C1,"CHEMBL1082654",2300,"NO GOOD POSES FOUND",0.18,,,,,,,,,,,,,,
N#C[C@@H]1CCCN1C(=O)CN[C@@H]1C[C@@H]2CN(C(=O)N3CCCC3)C[C@@H]2C1,"CHEMBL1082707",2302,"NO GOOD POSES FOUND",0.53,,,,,,,,,,,,,,
N#C[C@@H]1CCCN1C(=O)CN[C@@H]1C[C@@H]2CN(C(=O)N3CCCCC3)C[C@@H]2C1,"CHEMBL1082708",2304,"NO GOOD POSES FOUND",0.51,,,,,,,,,,,,,,
N#C[C@@H]1CCCN1C(=O)CN[C@@H]1C[C@@H]2CN(C(=O)N3CCOCC3)C[C@@H]2C1,"CHEMBL1082716",2306,"NO GOOD POSES FOUND",0.52,,,,,,,,,,,,,,
CN(C)C(=O)O[C@H]1C[C@H]2C[C@@H](NCC(=O)N3CCC[C@H]3C#N)C[C@H]2C1,"CHEMBL1082973",2308,"NO GOOD POSES FOUND",0.24,,,,,,,,,,,,,,
CCN(CC)C(=O)O[C@H]1C[C@H]2C[C@@H](NCC(=O)N3CCC[C@H]3C#N)C[C@H]2C1,"CHEMBL1082974",2310,"NO GOOD POSES FOUND",0.6,,,,,,,,,,,,,,
C#C[C@@H]1C[C@H](F)CN1C(=O)CC(C)(C)CC(=O)N[C@H]1C[C@@H]1c1cccc(Cl)c1,"CHEMBL1082996",2311,"NO GOOD POSES FOUND",0.15,,,,,,,,,,,,,,
CC(C)(CC(=O)N1CCCC1)NCC(=O)N1CCC[C@H]1C#N,"CHEMBL1082997",2312,"NO GOOD POSES FOUND",0.25,,,,,,,,,,,,,,
COC(=O)N1C[C@H]2C[C@@H](NCC(=O)N3CCC[C@H]3C#N)C[C@H]2C1,"CHEMBL1083031",2315,"NO GOOD POSES FOUND",0.19,,,,,,,,,,,,,,
N#C[C@@H]1CCCN1C(=O)CN[C@@H]1C[C@@H]2CN(C(=O)CO)C[C@@H]2C1,"CHEMBL1083032",2317,"NO POSES STORED FOR LIGAND",27.8,,,,,,,,,,,,,,
CN(C)C(=O)N1C[C@@H]2C[C@](C)(NCC(=O)N3CCC[C@H]3C#N)C[C@@H]2C1,"CHEMBL1083287",2319,"NO GOOD POSES FOUND",0.26,,,,,,,,,,,,,,
CN(C)C(=O)N1C[C@@H]2C[C@@](C)(NCC(=O)N3CCC[C@H]3C#N)C[C@@H]2C1,"CHEMBL1083588",2321,"NO GOOD POSES FOUND",0.28,,,,,,,,,,,,,,
CC(C)NC(=O)O[C@H]1C[C@H]2C[C@@H](NCC(=O)N3CCC[C@H]3C#N)C[C@H]2C1,"CHEMBL1083916",2325,"NO POSES STORED FOR LIGAND",10.13,,,,,,,,,,,,,,
CC(C)(C)NC(=O)O[C@H]1C[C@H]2C[C@@H](NCC(=O)N3CCC[C@H]3C#N)C[C@H]2C1,"CHEMBL1084473",2327,"NO POSES STORED FOR LIGAND",12.38,,,,,,,,,,,,,,
CC(C)(CC(=O)N1[C@H]2CC[C@@H]1CC2)NCC(=O)N1C[C@@H](F)C[C@H]1C#N,"CHEMBL1084601",2328,"NO GOOD POSES FOUND",0.27,,,,,,,,,,,,,,
CC(C)(CC(=O)NC1CCCC1)NCC(=O)N1C[C@@H](F)C[C@H]1C#N,"CHEMBL1084972",2331,"NO POSES STORED FOR LIGAND",16.45,,,,,,,,,,,,,,
CC(C)(CC(=O)N1CCCCC1)NCC(=O)N1C[C@@H](F)C[C@H]1C#N,"CHEMBL1085074",2332,"NO GOOD POSES FOUND",0.34,,,,,,,,,,,,,,
CC(C)(CC(=O)N1CC=CCC1)NCC(=O)N1C[C@@H](F)C[C@H]1C#N,"CHEMBL1085075",2334,"NO GOOD POSES FOUND",0.32,,,,,,,,,,,,,,
CN(C)C(=O)N1C[C@H]2C[C@@H](NCC(=O)N3CCC[C@H]3C#N)C[C@H]2C1,"CHEMBL1085269",2337,"NO GOOD POSES FOUND",0.22,,,,,,,,,,,,,,
COc1ccc(NC(=O)CC(C)(C)NCC(=O)N2C[C@@H](F)C[C@H]2C#N)cc1OC,"CHEMBL1085305",2339,"NO POSES STORED FOR LIGAND",7.92,,,,,,,,,,,,,,
CC(C)(CC(=O)N1CCC(=O)CC1)NCC(=O)N1C[C@@H](F)C[C@H]1C#N,"CHEMBL1085332",2342,"NO GOOD POSES FOUND",0.83,,,,,,,,,,,,,,
CC(C)(CC(=O)N1CCOCC1)NCC(=O)N1C[C@@H](F)C[C@H]1C#N,"CHEMBL1085333",2344,"NO GOOD POSES FOUND",0.32,,,,,,,,,,,,,,
CC(C)NC(=O)N1C[C@H]2C[C@@H](NCC(=O)N3CCC[C@H]3C#N)C[C@H]2C1,"CHEMBL1085522",2347,"NO POSES STORED FOR LIGAND",18.63,,,,,,,,,,,,,,
COc1ccc(NC(=O)CC(C)(C)NCC(=O)N2C[C@@H](F)C[C@H]2C#N)nc1,"CHEMBL1085552",2348,"NO POSES STORED FOR LIGAND",7.98,,,,,,,,,,,,,,
C[C@@H]1CCCN1C(=O)CC(C)(C)NCC(=O)N1C[C@@H](F)C[C@H]1C#N,"CHEMBL1085579",2350,"NO GOOD POSES FOUND",0.31,,,,,,,,,,,,,,
CC(C)(CC(=O)N1CCSC1)NCC(=O)N1C[C@@H](F)C[C@H]1C#N,"CHEMBL1085580",2352,"NO GOOD POSES FOUND",0.25,,,,,,,,,,,,,,
CC(C)(CC(=O)N1CCN(S(C)(=O)=O)CC1)NCC(=O)N1C[C@@H](F)C[C@H]1C#N,"CHEMBL1085595",2354,"NO GOOD POSES FOUND",0.39,,,,,,,,,,,,,,
C[NH+]1CCN(C(=O)CC(C)(C)NCC(=O)N2C[C@@H](F)C[C@H]2C#N)CC1,"CHEMBL1085596",2356,"NO POSES STORED FOR LIGAND",7.25,,,,,,,,,,,,,,
CN1CCN(C(=O)CC(C)(C)NCC(=O)N2C[C@@H](F)C[C@H]2C#N)CC1,"CHEMBL1085596",2358,"NO GOOD POSES FOUND",0.28,,,,,,,,,,,,,,
CCOC(=O)N1CCN(C(=O)CC(C)(C)NCC(=O)N2C[C@@H](F)C[C@H]2C#N)CC1,"CHEMBL1085597",2360,"NO GOOD POSES FOUND",1.41,,,,,,,,,,,,,,
CC(C)(CC(=O)N1CCCCCC1)NCC(=O)N1C[C@@H](F)C[C@H]1C#N,"CHEMBL1085598",2362,"NO GOOD POSES FOUND",0.85,,,,,,,,,,,,,,
CN(C)C(=O)N1C[C@H]2C[C@H](NCC(=O)N3CCC[C@H]3C#N)C[C@H]2C1,"CHEMBL1086466",2367,"NO GOOD POSES FOUND",0.28,,,,,,,,,,,,,,
CC(C)(CC(=O)N1CC[C@@H](O)C1)NCC(=O)N1CCC[C@H]1C#N,"CHEMBL1086502",2368,"NO POSES STORED FOR LIGAND",16.22,,,,,,,,,,,,,,
O=C([C@@H]1CCCN1)N1CCC[C@H]1P(=O)(Oc1ccccc1)Oc1ccccc1,"CHEMBL1182947",2371,"NO GOOD POSES FOUND",0.3,,,,,,,,,,,,,,
COc1ccc(N2CCN(CCNCC(=O)N3CCC[C@@H]3C#N)C2=O)cc1OC,"CHEMBL1202080",2381,"NO GOOD POSES FOUND",0.26,,,,,,,,,,,,,,
COc1cccc(N2CCN(CCNCC(=O)N3CCC[C@@H]3C#N)C2=O)c1,"CHEMBL1202081",2383,"NO GOOD POSES FOUND",0.81,,,,,,,,,,,,,,
CCCCN1CCN(CCNCC(=O)N2CCC[C@@H]2C#N)C1=O,"CHEMBL1202082",2385,"NO GOOD POSES FOUND",0.27,,,,,,,,,,,,,,
N#C[C@H]1CCCN1C(=O)CNCCN1CCN(c2ccccc2)C1=O,"CHEMBL1202083",2387,"NO GOOD POSES FOUND",0.2,,,,,,,,,,,,,,
N#C[C@H]1CCCN1C(=O)CNCCN1CCN(c2ccccc2F)C1=O,"CHEMBL1202084",2389,"NO GOOD POSES FOUND",0.23,,,,,,,,,,,,,,
Cc1ccc(N2CCN(CCNCC(=O)N3CCC[C@@H]3C#N)C2=O)cc1,"CHEMBL1202086",2391,"NO GOOD POSES FOUND",0.26,,,,,,,,,,,,,,
N#C[C@H]1CCCN1C(=O)CNCCN1CCN(c2ccc(F)cc2)C1=O,"CHEMBL1202087",2393,"NO GOOD POSES FOUND",0.19,,,,,,,,,,,,,,
N#C[C@H]1CCCN1C(=O)CNCCN1CCN(c2cccc(F)c2)C1=O,"CHEMBL1202088",2395,"NO GOOD POSES FOUND",0.19,,,,,,,,,,,,,,
N#C[C@H]1CCCN1C(=O)CNCCN1CCN(c2ccc(Cl)cc2)C1=O,"CHEMBL1202089",2397,"NO GOOD POSES FOUND",0.19,,,,,,,,,,,,,,
CC(C)(C)N1CCN(CCNCC(=O)N2CCC[C@@H]2C#N)C1=O,"CHEMBL1202090",2399,"NO GOOD POSES FOUND",0.2,,,,,,,,,,,,,,
CC(C)N1CCN(CCNCC(=O)N2CCC[C@@H]2C#N)C1=O,"CHEMBL1202091",2401,"NO GOOD POSES FOUND",0.16,,,,,,,,,,,,,,
N#C[C@H]1CCCN1C(=O)CNCCN1CCN(C2CCCCC2)C1=O,"CHEMBL1202092",2403,"NO GOOD POSES FOUND",0.37,,,,,,,,,,,,,,
COc1ccc(N2CCN(CCNCC(=O)N3CCC[C@@H]3C#N)C2=O)cc1,"CHEMBL1202093",2405,"NO GOOD POSES FOUND",0.26,,,,,,,,,,,,,,
COc1cc(OC)cc(N2CCN(CCNCC(=O)N3CCC[C@@H]3C#N)C2=O)c1,"CHEMBL1202094",2407,"NO GOOD POSES FOUND",0.3,,,,,,,,,,,,,,
COCC(C)(C)NCC(=O)N1C[C@@H](F)C[C@H]1C#N,"CHEMBL1203962",2410,"NO GOOD POSES FOUND",0.16,,,,,,,,,,,,,,
CS(=O)(=O)c1ccc([C@H]2NO[C@H]([C@@H](CC3CC3)[C@H]([NH3+])C(=O)N3CC[C@H](F)C3)N2)c(F)c1,"CHEMBL1230015",2420,"NO POSES STORED FOR LIGAND",8.85,,,,,,,,,,,,,,
CS(=O)(=O)c1ccc([C@H]2NO[C@H]([C@@H](CC3CC3)[C@H](N)C(=O)N3CC[C@H](F)C3)N2)c(F)c1,"CHEMBL1230015",2421,"NO POSES STORED FOR LIGAND",9.44,,,,,,,,,,,,,,
O=C([O-])c1c(Cl)ccc(Cl)c1O,"CHEMBL1233461",2425,"NO GOOD POSES FOUND",0.01,,,,,,,,,,,,,,
Cn1c(=O)c2c(nc(N3CCNCC3)n2Cc2ccccc2Cl)n(C)c1=O,"CHEMBL1235760",2427,"NO GOOD POSES FOUND",0.07,,,,,,,,,,,,,,
CCN(Cc1ccccc1)[C@H]1CC[C@H]([C@H]([NH3+])Cc2cc(F)ccc2F)CC1,"CHEMBL1683127",2586,"NO POSES STORED FOR LIGAND",4.76,,,,,,,,,,,,,,
O=C(C[C@H](O)CCc1ccccc1)c1ccc([O-])cc1,"CHEMBL1724888",2718,"NO GOOD POSES FOUND",0.07,,,,,,,,,,,,,,
COc1cc(O)c(Br)cc1/C=C/C(=O)c1ccc([O-])cc1,"CHEMBL1778898",2726,"NO GOOD POSES FOUND",0.02,,,,,,,,,,,,,,
COc1cc([O-])c(Br)cc1/C=C/C(=O)c1ccc(O)cc1,"CHEMBL1778898",2727,"NO GOOD POSES FOUND",0.03,,,,,,,,,,,,,,
COc1cc([O-])c(Br)cc1/C=C/C(=O)c1ccc([O-])cc1,"CHEMBL1778898",2728,"INVALID ATOM(S), ETC.",0.02,,,,,,,,,,,,,,
COc1ccc(C(=O)/C=C/c2cc(Br)c(O)cc2OC)cc1,"CHEMBL1778899",2729,"NO GOOD POSES FOUND",0.03,,,,,,,,,,,,,,
COc1ccc(C(=O)/C=C/c2cc(Br)c([O-])cc2OC)cc1,"CHEMBL1778899",2730,"INVALID ATOM(S), ETC.",0.03,,,,,,,,,,,,,,
Cc1ccc(-c2c(CN)c(CC(C)C)nc3ccc(N4CCNC(=O)C4=O)cc23)cc1,"CHEMBL1808474",2799,"NO POSES STORED FOR LIGAND",3.75,,,,,,,,,,,,,,
Cc1cc2ncc(C(=O)NCC(C)(C)NCC(=O)N3CCC[C@H]3C#N)c(C)n2n1,"CHEMBL1929388",2862,"NO POSES STORED FOR LIGAND",5.44,,,,,,,,,,,,,,
Cc1cc2ncc(C(=O)NCC(C)(C)NCC(=O)N3CCC[C@H]3C#N)c(C(F)(F)F)n2n1,"CHEMBL1929389",2864,"NO POSES STORED FOR LIGAND",6.5,,,,,,,,,,,,,,
Cc1cc2ncc(C(=O)NCC(C)(C)NCC(=O)N3CCC[C@H]3C#N)c([O-])n2n1,"CHEMBL1929390",2866,"NO POSES STORED FOR LIGAND",5.52,,,,,,,,,,,,,,
Cc1c(C(=O)NCC(C)(C)NCC(=O)N2CCC[C@H]2C#N)cnc2cc(C(C)(C)C)nn12,"CHEMBL1929391",2870,"NO POSES STORED FOR LIGAND",5.09,,,,,,,,,,,,,,
Cc1c(C(=O)NCC(C)(C)NCC(=O)N2CCC[C@H]2C#N)cnc2cc(-c3ccccc3)nn12,"CHEMBL1929392",2872,"NO POSES STORED FOR LIGAND",5.28,,,,,,,,,,,,,,
Cc1nc2cc(C(C)(C)C)nn2c(C)c1C(=O)NCC(C)(C)NCC(=O)N1CCC[C@H]1C#N,"CHEMBL1929393",2874,"NO POSES STORED FOR LIGAND",5.39,,,,,,,,,,,,,,
Cc1cc2nc(C)c(C(=O)NCC(C)(C)NCC(=O)N3CCC[C@H]3C#N)c(C)n2n1,"CHEMBL1929395",2876,"NO POSES STORED FOR LIGAND",5.58,,,,,,,,,,,,,,
Cn1cnc2c(C#N)c(N3CCNCC3)n(Cc3ccccc3)c2c1=O,"CHEMBL1951417",2880,"NO GOOD POSES FOUND",0.07,,,,,,,,,,,,,,
COc1cccc(C(=O)Cn2cnc3c(C#N)c(N4CCNCC4)n(Cc4ccccc4)c3c2=O)c1,"CHEMBL1951418",2882,"NO GOOD POSES FOUND",0.18,,,,,,,,,,,,,,
CC#CCn1c(N2CCNCC2)c(C#N)c2ncn(CC(=O)c3cccc(OC)c3)c(=O)c21,"CHEMBL1951419",2884,"NO GOOD POSES FOUND",0.17,,,,,,,,,,,,,,
COc1cccc(C(=O)Cn2cnc3c(C#N)c(N4CCNCC4)n(CC=C(C)C)c3c2=O)c1,"CHEMBL1951420",2886,"NO GOOD POSES FOUND",0.19,,,,,,,,,,,,,,
N#Cc1c(N2CCCNCC2)n(Cc2ccccc2)c2c(=O)n(Cc3nccc4ccccc34)cnc12,"CHEMBL1951436",2909,"NO GOOD POSES FOUND",0.19,,,,,,,,,,,,,,
CC(C)=CCn1c(N2CCCNCC2)c(C#N)c2ncn(Cc3nccc4ccccc34)c(=O)c21,"CHEMBL1951437",2912,"NO GOOD POSES FOUND",0.2,,,,,,,,,,,,,,
CC#CCn1c(N2CCCNCC2)c(C#N)c2ncn(Cc3nccc4ccccc34)c(=O)c21,"CHEMBL1951438",2915,"NO GOOD POSES FOUND",0.2,,,,,,,,,,,,,,
CC#CCn1c(N2CCCNCC2)c(C#N)c2ncn(Cc3nc(C)c4ccccc4n3)c(=O)c21,"CHEMBL1951439",2917,"NO GOOD POSES FOUND",0.2,,,,,,,,,,,,,,
CC#CCn1c(N2CCCNCC2)c(C#N)c2ncn(Cc3ncc4ccccc4n3)c(=O)c21,"CHEMBL1951440",2919,"NO GOOD POSES FOUND",0.18,,,,,,,,,,,,,,
CC(C)=CCn1c(N2CCCNCC2)c(C#N)c2c1c(=O)n(Cc1nccc3ccccc13)c(=O)n2C,"CHEMBL1951608",2932,"NO GOOD POSES FOUND",0.22,,,,,,,,,,,,,,
CC(C)=CCn1c(N2CCCNCC2)c(C#N)c2c1c(=O)n(Cc1cn3ccccc3n1)c(=O)n2C,"CHEMBL1951610",2935,"NO GOOD POSES FOUND",0.28,,,,,,,,,,,,,,
CC(C)=CCn1c(N2CCCNCC2)c(C#N)c2c1c(=O)n(Cc1cn3ccccc3[nH+]1)c(=O)n2C,"CHEMBL1951610",2936,"NO POSES STORED FOR LIGAND",6.14,,,,,,,,,,,,,,
CC#CCn1c(N2CCCNCC2)c(C#N)c2c1c(=O)n(Cc1nccc3ccccc13)c(=O)n2C,"CHEMBL1951612",2939,"NO GOOD POSES FOUND",0.19,,,,,,,,,,,,,,
CC#CCn1c(N2CCCNCC2)c(C#N)c2c1c(=O)n(Cc1nc(C)c3ccccc3n1)c(=O)n2C,"CHEMBL1951613",2941,"NO GOOD POSES FOUND",0.2,,,,,,,,,,,,,,
O=C(N/N=C/c1cccc2ccccc12)c1n[nH]c2c1CCCC2,"CHEMBL1976036",2943,"NO POSES STORED FOR LIGAND",2.01,,,,,,,,,,,,,,
N#C[C@@H]1CCCN1C(=O)CNC(=O)c1ccc(-c2cccs2)cc1,"CHEMBL2022512",2952,"NO GOOD POSES FOUND",0.08,,,,,,,,,,,,,,
N#Cc1ccc2oc(N3CCN([C@@H]4CN[C@H](C(=O)N5CCSC5)C4)CC3)nc2c1,"CHEMBL2058756",2957,"NO GOOD POSES FOUND",0.17,,,,,,,,,,,,,,
O=C([C@@H]1C[C@H](N2CCN(c3nc4ccccc4s3)CC2)CN1)N1CCSC1,"CHEMBL2058757",2960,"NO GOOD POSES FOUND",0.17,,,,,,,,,,,,,,
N#Cc1ccc2sc(N3CC[NH+]([C@@H]4CN[C@H](C(=O)N5CCSC5)C4)CC3)nc2c1,"CHEMBL2058758",2961,"NO POSES STORED FOR LIGAND",4.37,,,,,,,,,,,,,,
N#Cc1ccc2sc(N3CCN([C@@H]4CN[C@H](C(=O)N5CCSC5)C4)CC3)nc2c1,"CHEMBL2058758",2963,"NO GOOD POSES FOUND",0.18,,,,,,,,,,,,,,
O=C([C@@H]1C[C@H]([NH+]2CCN(c3ccnc4cc(C(F)(F)F)ccc34)CC2)CN1)N1CCSC1,"CHEMBL2058759",2964,"NO POSES STORED FOR LIGAND",7.34,,,,,,,,,,,,,,
O=C([C@@H]1C[C@H](N2CCN(c3cc[nH+]c4cc(C(F)(F)F)ccc34)CC2)CN1)N1CCSC1,"CHEMBL2058759",2968,"NO POSES STORED FOR LIGAND",7.81,,,,,,,,,,,,,,
O=C([C@@H]1C[C@H](N2CCN(c3ccnc4cc(C(F)(F)F)ccc34)CC2)CN1)N1CCSC1,"CHEMBL2058759",2969,"NO GOOD POSES FOUND",0.27,,,,,,,,,,,,,,
O=C([C@@H]1C[C@H](N2CCN(c3[nH]c4ccccc4[nH+]3)CC2)CN1)N1CCSC1,"CHEMBL2058760",2973,"NO POSES STORED FOR LIGAND",6.65,,,,,,,,,,,,,,
O=C([C@@H]1C[C@H]([NH+]2CCN(c3[nH]c4ccccc4[nH+]3)CC2)CN1)N1CCSC1,"CHEMBL2058760",2974,"NO POSES STORED FOR LIGAND",7.07,,,,,,,,,,,,,,
O=C([C@@H]1C[C@H](N2CCN(c3nc4ccccc4[nH]3)CC2)CN1)N1CCSC1,"CHEMBL2058760",2975,"NO POSES STORED FOR LIGAND",5.84,,,,,,,,,,,,,,
O=C([C@@H]1C[C@H](N2CCN(c3nc4cc(Cl)ccc4[nH]3)CC2)CN1)N1CCSC1,"CHEMBL2058761",2981,"NO POSES STORED FOR LIGAND",5.78,,,,,,,,,,,,,,
O=C([C@@H]1C[C@H](N2CCN(c3nc4ccc(Cl)cc4[nH]3)CC2)CN1)N1CCSC1,"CHEMBL2058761",2982,"NO POSES STORED FOR LIGAND",5.64,,,,,,,,,,,,,,
O=C([C@@H]1C[C@H](N2CCN(c3[nH]c4ccc(Cl)cc4[nH+]3)CC2)CN1)N1CCSC1,"CHEMBL2058761",2983,"NO POSES STORED FOR LIGAND",6.19,,,,,,,,,,,,,,
N#Cc1ccc2nc(N3CC[NH+]([C@@H]4CN[C@H](C(=O)N5CCSC5)C4)CC3)[nH]c2c1,"CHEMBL2058762",2985,"NO POSES STORED FOR LIGAND",4.54,,,,,,,,,,,,,,
N#Cc1ccc2[nH]c(N3CCN([C@@H]4CN[C@H](C(=O)N5CCSC5)C4)CC3)nc2c1,"CHEMBL2058762",2988,"NO POSES STORED FOR LIGAND",4.35,,,,,,,,,,,,,,
N#Cc1ccc2nc(N3CCN([C@@H]4CN[C@H](C(=O)N5CCSC5)C4)CC3)[nH]c2c1,"CHEMBL2058762",2989,"NO POSES STORED FOR LIGAND",4.09,,,,,,,,,,,,,,
O=C([C@@H]1C[C@H](N2CCN(c3nc4ccccc4o3)CC2)CN1)N1CCSC1,"CHEMBL2058967",2993,"NO GOOD POSES FOUND",0.16,,,,,,,,,,,,,,
O=C([C@@H]1C[C@H]([NH+]2CCN(c3ccc4ccccc4n3)CC2)CN1)N1CCSC1,"CHEMBL2058968",2994,"NO POSES STORED FOR LIGAND",6.06,,,,,,,,,,,,,,
O=C([C@@H]1C[C@H](N2CCN(c3ccc4ccccc4n3)CC2)CN1)N1CCSC1,"CHEMBL2058968",2996,"NO GOOD POSES FOUND",0.17,,,,,,,,,,,,,,
O=C([C@@H]1C[C@H](N2CCN(c3cc[nH+]c4ccccc34)CC2)CN1)N1CCSC1,"CHEMBL2058969",3000,"NO POSES STORED FOR LIGAND",6.73,,,,,,,,,,,,,,
Cc1cc(N2CCN([C@@H]3CN[C@H](C(=O)N4CCSC4)C3)CC2)c2ccccc2[nH+]1,"CHEMBL2058970",3003,"NO POSES STORED FOR LIGAND",6.26,,,,,,,,,,,,,,
O=C([C@@H]1C[C@H]([NH+]2CCN(c3cc(C(F)(F)F)nc4ccccc34)CC2)CN1)N1CCSC1,"CHEMBL2058971",3004,"NO POSES STORED FOR LIGAND",6.63,,,,,,,,,,,,,,
O=C([C@@H]1C[C@H](N2CCN(c3cc(C(F)(F)F)nc4ccccc34)CC2)CN1)N1CCSC1,"CHEMBL2058971",3006,"NO GOOD POSES FOUND",0.22,,,,,,,,,,,,,,
O=C([C@@H]1C[C@H](N2CCN(c3cc[nH+]c4cc(Cl)ccc34)CC2)CN1)N1CCSC1,"CHEMBL2058972",3010,"NO POSES STORED FOR LIGAND",6.38,,,,,,,,,,,,,,
O=C([C@@H]1C[C@H](N2CCN(c3nccc4ccccc34)CC2)CN1)N1CCSC1,"CHEMBL2058973",3015,"NO GOOD POSES FOUND",0.17,,,,,,,,,,,,,,
O=C([C@@H]1C[C@H](N2CCN(c3ncc(Cl)c4ccccc34)CC2)CN1)N1CCSC1,"CHEMBL2058974",3018,"NO GOOD POSES FOUND",0.16,,,,,,,,,,,,,,
N#Cc1cnc(N2CCN([C@@H]3CN[C@H](C(=O)N4CCSC4)C3)CC2)c2ccccc12,"CHEMBL2058975",3021,"NO GOOD POSES FOUND",0.18,,,,,,,,,,,,,,
NC(=O)[C@@H]1CCCN1C(=O)CCCNC(=O)c1ccc(-c2ccccc2)cc1,"CHEMBL2086602",3136,"NO POSES STORED FOR LIGAND",5.67,,,,,,,,,,,,,,
NC(=O)[C@@H]1CCCN1C(=O)c1ccc(NC(=O)c2ccccc2)cc1,"CHEMBL2086603",3137,"NO POSES STORED FOR LIGAND",10.34,,,,,,,,,,,,,,
NC(=O)[C@@H]1CCCN1C(=O)c1ccc(NC(=O)c2ccc([O-])cc2)cc1,"CHEMBL2086605",3140,"NO POSES STORED FOR LIGAND",9.13,,,,,,,,,,,,,,
NC(=O)[C@@H]1CCCN1C(=O)c1ccc(NC(=O)c2ccc(F)cc2)cc1,"CHEMBL2086606",3141,"NO POSES STORED FOR LIGAND",9.03,,,,,,,,,,,,,,
Cc1ccc(C(=O)Nc2ccc(C(=O)N3CCC[C@H]3C(N)=O)cc2)cc1,"CHEMBL2086609",3144,"NO POSES STORED FOR LIGAND",8.81,,,,,,,,,,,,,,
NC(=O)[C@@H]1CCCN1C(=O)c1ccc(NC(=O)c2ccc(-c3ccccc3)cc2)cc1,"CHEMBL2086610",3145,"NO POSES STORED FOR LIGAND",2.48,,,,,,,,,,,,,,
N#Cc1ccc(C(=O)NCCC(=O)N2CCC[C@H]2C#N)cc1,"CHEMBL2086611",3146,"NO GOOD POSES FOUND",0.08,,,,,,,,,,,,,,
N#C[C@@H]1CCCN1C(=O)CCNC(=O)c1ccc(C(F)(F)F)cc1,"CHEMBL2086612",3147,"NO GOOD POSES FOUND",0.12,,,,,,,,,,,,,,
N#Cc1ccc(C(=O)NCCCC(=O)N2CCC[C@H]2C#N)cc1,"CHEMBL2086613",3148,"NO GOOD POSES FOUND",0.11,,,,,,,,,,,,,,
N#C[C@@H]1CCCN1C(=O)CCCNC(=O)c1ccc(C(F)(F)F)cc1,"CHEMBL2086614",3149,"NO GOOD POSES FOUND",0.17,,,,,,,,,,,,,,
N#Cc1ccc(C(=O)Nc2ccc(C(=O)N3CCC[C@H]3C#N)cc2)cc1,"CHEMBL2086615",3150,"NO GOOD POSES FOUND",0.08,,,,,,,,,,,,,,
N#C[C@@H]1CCCN1C(=O)c1ccc(NC(=O)c2ccc(C(F)(F)F)cc2)cc1,"CHEMBL2086616",3151,"NO GOOD POSES FOUND",0.14,,,,,,,,,,,,,,
COc1ccccc1Cn1c(N2CCC[C@@H]([NH3+])C2)[nH+]c2c3cc(C(=O)[O-])ccc3n(C)c(=O)c21,"CHEMBL2147059",3163,"NO POSES STORED FOR LIGAND",3.04,,,,,,,,,,,,,,
Cn1c(=O)c2c([nH+]c(N3CCC[C@@H](N)C3)n2Cc2ccccc2Cl)c2ccccc21,"CHEMBL2147087",3191,"NO POSES STORED FOR LIGAND",2.58,,,,,,,,,,,,,,
O=C([C@@H]1C[C@H]([NH+]2CCN(c3nc(-c4ccccc4)cs3)CC2)CN1)N1CCSC1,"CHEMBL2147702",3207,"NO POSES STORED FOR LIGAND",5.17,,,,,,,,,,,,,,
O=C([C@@H]1C[C@H](N2CCN(c3nc(-c4ccccc4)cs3)CC2)CN1)N1CCSC1,"CHEMBL2147702",3209,"NO GOOD POSES FOUND",0.81,,,,,,,,,,,,,,
O=C([C@@H]1C[C@H](N2CCN(c3[nH+]ccn3-c3ccccc3)CC2)CN1)N1CCSC1,"CHEMBL2147703",3212,"NO POSES STORED FOR LIGAND",6.58,,,,,,,,,,,,,,
O=C([C@@H]1C[C@H]([NH+]2CCN(c3nccn3-c3ccccc3)CC2)CN1)N1CCSC1,"CHEMBL2147703",3213,"NO POSES STORED FOR LIGAND",6.17,,,,,,,,,,,,,,
O=C([C@@H]1C[C@H](N2CCN(c3nnnn3-c3ccccc3)CC2)CN1)N1CCSC1,"CHEMBL2147704",3217,"NO GOOD POSES FOUND",0.19,,,,,,,,,,,,,,
O=C([C@@H]1C[C@H]([NH+]2CCC(c3nnnn3-c3ccccc3)CC2)CN1)N1CCSC1,"CHEMBL2147705",3219,"NO POSES STORED FOR LIGAND",6.74,,,,,,,,,,,,,,
O=C([C@@H]1C[C@H](N2CCC(c3nnnn3-c3ccccc3)CC2)CN1)N1CCSC1,"CHEMBL2147705",3220,"NO GOOD POSES FOUND",0.17,,,,,,,,,,,,,,
O=C([C@@H]1C[C@H](N2CCN(c3nnnn3C3CCCCC3)CC2)CN1)N1CCSC1,"CHEMBL2147706",3223,"NO GOOD POSES FOUND",0.26,,,,,,,,,,,,,,
O=C([C@@H]1C[C@H](N2CCN(c3ccnn3-c3ccccc3)CC2)CN1)N1CCSC1,"CHEMBL2147707",3226,"NO GOOD POSES FOUND",0.21,,,,,,,,,,,,,,
O=C([C@@H]1C[C@H]([NH+]2CCN(c3cc(C(F)(F)F)nn3-c3ccccc3)CC2)CN1)N1CCSC1,"CHEMBL2147709",3227,"NO POSES STORED FOR LIGAND",6.79,,,,,,,,,,,,,,
O=C([C@@H]1C[C@H](N2CCN(c3cc(C(F)(F)F)nn3-c3ccccc3)CC2)CN1)N1CCSC1,"CHEMBL2147709",3229,"NO GOOD POSES FOUND",0.25,,,,,,,,,,,,,,
O=C([C@@H]1C[C@H]([NH+]2CCC(c3cc(C(F)(F)F)nn3-c3ccccc3)CC2)CN1)N1CCSC1,"CHEMBL2147710",3230,"NO POSES STORED FOR LIGAND",7.63,,,,,,,,,,,,,,
O=C([C@@H]1C[C@H](N2CCC(c3cc(C(F)(F)F)nn3-c3ccccc3)CC2)CN1)N1CCSC1,"CHEMBL2147710",3232,"NO GOOD POSES FOUND",0.19,,,,,,,,,,,,,,
Cc1cc(N2CC[NH+]([C@@H]3CN[C@H](C(=O)N4CCSC4)C3)CC2)n(-c2ccc(F)cc2)n1,"CHEMBL2147711",3233,"NO POSES STORED FOR LIGAND",5.45,,,,,,,,,,,,,,
Cc1cc(N2CCN([C@@H]3CN[C@H](C(=O)N4CCSC4)C3)CC2)n(-c2ccc(F)cc2)n1,"CHEMBL2147711",3235,"NO GOOD POSES FOUND",0.22,,,,,,,,,,,,,,
Cc1cc(N2CC[NH+]([C@@H]3CN[C@H](C(=O)N4CCSC4)C3)CC2)n(-c2cccc(F)c2)n1,"CHEMBL2147712",3236,"NO POSES STORED FOR LIGAND",5.57,,,,,,,,,,,,,,
Cc1cc(N2CCN([C@@H]3CN[C@H](C(=O)N4CCSC4)C3)CC2)n(-c2cccc(F)c2)n1,"CHEMBL2147712",3238,"NO GOOD POSES FOUND",0.21,,,,,,,,,,,,,,
Cc1cc(N2CCN([C@@H]3CN[C@H](C(=O)N4CCSC4)C3)CC2)n(-c2ccccc2F)n1,"CHEMBL2147713",3241,"NO GOOD POSES FOUND",0.21,,,,,,,,,,,,,,
Cc1cc(N2CC[NH+]([C@@H]3CN[C@H](C(=O)N4CCSC4)C3)CC2)n(-c2ccc(Cl)cc2)n1,"CHEMBL2147714",3242,"NO POSES STORED FOR LIGAND",5.21,,,,,,,,,,,,,,
Cc1cc(N2CCN([C@@H]3CN[C@H](C(=O)N4CCSC4)C3)CC2)n(-c2ccc(Cl)cc2)n1,"CHEMBL2147714",3244,"NO GOOD POSES FOUND",0.22,,,,,,,,,,,,,,
Cc1cc(N2CCN([C@@H]3CN[C@H](C(=O)N4CCSC4)C3)CC2)n(-c2ccc(C#N)cc2)n1,"CHEMBL2147715",3247,"NO GOOD POSES FOUND",0.21,,,,,,,,,,,,,,
Cc1cc(N2CC[NH+]([C@@H]3CN[C@H](C(=O)N4CCSC4)C3)CC2)n(-c2ccccn2)n1,"CHEMBL2147771",3248,"NO POSES STORED FOR LIGAND",5.23,,,,,,,,,,,,,,
Cc1cc(N2CCN([C@@H]3CN[C@H](C(=O)N4CCSC4)C3)CC2)n(-c2ccccn2)n1,"CHEMBL2147771",3250,"NO GOOD POSES FOUND",0.21,,,,,,,,,,,,,,
Cc1cc(N2CCN([C@@H]3CN[C@H](C(=O)N4CCSC4)C3)CC2)n(-c2ccncc2)n1,"CHEMBL2147772",3253,"NO GOOD POSES FOUND",0.21,,,,,,,,,,,,,,
Cc1cc(N2CCN([C@@H]3CN[C@H](C(=O)N4CCSC4)C3)CC2)n(-c2cccnc2)n1,"CHEMBL2147773",3256,"NO GOOD POSES FOUND",0.21,,,,,,,,,,,,,,
Cc1cc(N2CCN([C@@H]3CN[C@H](C(=O)N4CCSC4)C3)CC2)n(-c2ccc(C#N)cn2)n1,"CHEMBL2147774",3259,"NO GOOD POSES FOUND",0.22,,,,,,,,,,,,,,
Cc1cc(N2CC[NH+]([C@H]3CN[C@H](C(=O)N4CCSC4)C3)CC2)n(-c2ccccc2)n1,"CHEMBL2147775",3260,"NO POSES STORED FOR LIGAND",5.02,,,,,,,,,,,,,,
Cc1cc(N2CCN([C@H]3CN[C@H](C(=O)N4CCSC4)C3)CC2)n(-c2ccccc2)n1,"CHEMBL2147775",3262,"NO GOOD POSES FOUND",0.18,,,,,,,,,,,,,,
Cc1cc(N2CCN([C@@H]3CN[C@H](C(=O)N4CCSC4)C3)CC2)n(-c2ccccc2)n1,"CHEMBL2147777",3265,"NO GOOD POSES FOUND",0.23,,,,,,,,,,,,,,
N[C@@H](CC(=O)NC1(c2cccc(-c3ccncc3)c2)CCS(=O)(=O)CC1)Cc1ccccc1F,"CHEMBL2206466",3310,"NO POSES STORED FOR LIGAND",4.93,,,,,,,,,,,,,,
N[C@H]1C[C@@H]([N@H+]2Cc3cnc(C(F)(F)F)nc3C2)CC[C@@H]1c1cc(F)c(F)cc1F,"CHEMBL2425059",3392,"NO POSES STORED FOR LIGAND",2.4,,,,,,,,,,,,,,
N#C[C@@H]1CCCN1C(=O)C[NH2+][C@]12C[C@@H]3C[C@@H](C[C@@](O)(C3)C1)C2,"CHEMBL3084811",3497,"NO POSES STORED FOR LIGAND",2.56,,,,,,,,,,,,,,
N#C[C@@H]1CCCN1C(=O)CN[C@]12C[C@@H]3C[C@@H](C[C@@](O)(C3)C1)C2,"CHEMBL3084811",3498,"NO POSES STORED FOR LIGAND",1.69,,,,,,,,,,,,,,
CC[C@@]12C[C@H]3C[C@@H](C1)C[C@](NCC(=O)N1CCC[C@H]1C#N)(C3)C2,"CHEMBL3084812",3500,"NO GOOD POSES FOUND",0.15,,,,,,,,,,,,,,
NC(=O)[C@@H]1CCCN1C(=O)C[NH2+][C@]12C[C@@H]3C[C@@H](C[C@@](O)(C3)C1)C2,"CHEMBL3084813",3501,"NO POSES STORED FOR LIGAND",4.27,,,,,,,,,,,,,,
NC(=O)[C@@H]1CCCN1C(=O)CN[C@]12C[C@@H]3C[C@@H](C[C@@](O)(C3)C1)C2,"CHEMBL3084813",3502,"NO POSES STORED FOR LIGAND",2.78,,,,,,,,,,,,,,
C[C@]12C[C@@H]3C[C@](C)(C1)C[C@]([NH2+]CC(=O)N1CCC[C@H]1C#N)(C3)C2,"CHEMBL3084814",3503,"NO POSES STORED FOR LIGAND",1.15,,,,,,,,,,,,,,
C[C@]12C[C@@H]3C[C@](C)(C1)C[C@](NCC(=O)N1CCC[C@H]1C#N)(C3)C2,"CHEMBL3084814",3504,"NO GOOD POSES FOUND",0.07,,,,,,,,,,,,,,
N#Cc1ccc(N[C@H]2CC[C@H](NCC(=O)N3CCC[C@H]3C#N)CC2)nc1,"CHEMBL3084815",3506,"NO POSES STORED FOR LIGAND",4.55,,,,,,,,,,,,,,
N#C[C@@H]1CCCN1C(=O)CN[C@H]1CC[C@H](Nc2ccc(C(F)(F)F)cn2)CC1,"CHEMBL3084816",3508,"NO POSES STORED FOR LIGAND",7.16,,,,,,,,,,,,,,
N#C[C@@H]1CCCN1C(=O)CN[C@@]12C[C@H]3C[C@@H](C1)C[C@](OC(=O)NC1CCCCC1)(C3)C2,"CHEMBL3084817",3510,"NO POSES STORED FOR LIGAND",10.35,,,,,,,,,,,,,,
CC(C)N(C(=O)O[C@@]12C[C@@H]3C[C@@H](C[C@]([NH2+]CC(=O)N4CCC[C@H]4C#N)(C3)C1)C2)C(C)C,"CHEMBL3084818",3511,"NO POSES STORED FOR LIGAND",5.6,,,,,,,,,,,,,,
CC(C)N(C(=O)O[C@@]12C[C@@H]3C[C@@H](C[C@](NCC(=O)N4CCC[C@H]4C#N)(C3)C1)C2)C(C)C,"CHEMBL3084818",3512,"NO GOOD POSES FOUND",0.4,,,,,,,,,,,,,,
N#C[C@@H]1CCCN1C(=O)CN[C@H]1CC[C@H](NC(=O)C2CCCCC2)CC1,"CHEMBL3084819",3514,"NO POSES STORED FOR LIGAND",10.94,,,,,,,,,,,,,,
N#C[C@@H]1CCCN1C(=O)CN[C@H]1CC[C@H](Nc2nc3ccccc3s2)CC1,"CHEMBL3084820",3516,"NO POSES STORED FOR LIGAND",4.98,,,,,,,,,,,,,,
N#C[C@@H]1CCCN1C(=O)CN[C@H]1CC[C@H](Oc2ccc(Cl)cc2)CC1,"CHEMBL3084821",3518,"NO GOOD POSES FOUND",0.1,,,,,,,,,,,,,,
CC(=O)O[C@@]12C[C@@H]3C[C@@H](C[C@]([NH2+]CC(=O)N4CCC[C@H]4C#N)(C3)C1)C2,"CHEMBL3084822",3519,"NO POSES STORED FOR LIGAND",2.83,,,,,,,,,,,,,,
CC(=O)O[C@@]12C[C@@H]3C[C@@H](C[C@](NCC(=O)N4CCC[C@H]4C#N)(C3)C1)C2,"CHEMBL3084822",3520,"NO GOOD POSES FOUND",0.12,,,,,,,,,,,,,,
N#C[C@@H]1CCCN1C(=O)CN[C@@]12C[C@H]3C[C@@H](C1)C[C@](OC(=O)Nc1ccccc1)(C3)C2,"CHEMBL3084823",3522,"NO POSES STORED FOR LIGAND",6.49,,,,,,,,,,,,,,
COc1ccc(NC(=O)O[C@@]23C[C@@H]4C[C@@H](C[C@]([NH2+]CC(=O)N5CCC[C@H]5C#N)(C4)C2)C3)cc1,"CHEMBL3084824",3523,"NO POSES STORED FOR LIGAND",5.97,,,,,,,,,,,,,,
COc1ccc(NC(=O)O[C@@]23C[C@@H]4C[C@@H](C[C@](NCC(=O)N5CCC[C@H]5C#N)(C4)C2)C3)cc1,"CHEMBL3084824",3524,"NO POSES STORED FOR LIGAND",6.75,,,,,,,,,,,,,,
CC(C)(C)NC(=O)O[C@@]12C[C@@H]3C[C@@H](C[C@]([NH2+]CC(=O)N4CCC[C@H]4C#N)(C3)C1)C2,"CHEMBL3084825",3525,"NO POSES STORED FOR LIGAND",5.97,,,,,,,,,,,,,,
CC(C)(C)NC(=O)O[C@@]12C[C@@H]3C[C@@H](C[C@](NCC(=O)N4CCC[C@H]4C#N)(C3)C1)C2,"CHEMBL3084825",3526,"NO POSES STORED FOR LIGAND",6.82,,,,,,,,,,,,,,
O=C([O-])[C@@H]1CCCN1C(=O)C[NH2+][C@]12C[C@@H]3C[C@@H](C[C@@](O)(C3)C1)C2,"CHEMBL3084826",3527,"NO POSES STORED FOR LIGAND",1.88,,,,,,,,,,,,,,
O=C([O-])[C@@H]1CCCN1C(=O)CN[C@]12C[C@@H]3C[C@@H](C[C@@](O)(C3)C1)C2,"CHEMBL3084826",3528,"NO POSES STORED FOR LIGAND",2.02,,,,,,,,,,,,,,
CN(C)C(=O)Nc1ccc(S(=O)(=O)N[C@H]2CC[C@H]([C@H](N)C(=O)N3CCCC3)CC2)cc1,"CHEMBL3084938",3534,"NO POSES STORED FOR LIGAND",4.25,,,,,,,,,,,,,,
[NH3+][C@H](C(=O)N1CCSC1)[C@H]1CC[C@H](NC(=O)c2ccc3ccccc3c2)CC1,"CHEMBL3084948",3553,"NO POSES STORED FOR LIGAND",5.69,,,,,,,,,,,,,,
[NH3+]C[C@]1(c2ccccc2)CC[C@H](OCc2ccccc2)CC1,"CHEMBL3112962",3636,"NO POSES STORED FOR LIGAND",13.19,,,,,,,,,,,,,,
N#C[C@@H]1C[C@H]2C[C@H]2N1C(=O)[C@@H](N)[C@@]12C[C@@H]3C[C@@H](C[C@@](O)(C3)C1)C2,"CHEMBL3114069",3647,"NO POSES STORED FOR LIGAND",2.25,,,,,,,,,,,,,,
CCOC(=O)c1c(O)cc([O-])c2c1O[C@@H](c1ccc(O)cc1)CC2,"CHEMBL3121246",3649,"NO POSES STORED FOR LIGAND",3.14,,,,,,,,,,,,,,
CCOC(=O)c1c([O-])cc(O)c2c1O[C@@H](c1ccc(O)cc1)CC2,"CHEMBL3121246",3650,"NO POSES STORED FOR LIGAND",2.84,,,,,,,,,,,,,,
Cc1ccc(-c2c(CN)c(CC(C)C)nc3ccc(N4CC(=O)NCC4=O)cc23)cc1,"CHEMBL3142227",3680,"NO POSES STORED FOR LIGAND",2.8,,,,,,,,,,,,,,
O=C(CCCCc1ccccc1)c1ccc(O)cc1,"CHEMBL3220151",3734,"NO GOOD POSES FOUND",0.06,,,,,,,,,,,,,,
O=C(CCCCc1ccccc1)c1ccc([O-])cc1,"CHEMBL3220151",3735,"INVALID ATOM(S), ETC.",0.05,,,,,,,,,,,,,,
COc1ccc2c(c1OC)[C@@H](O)N(C)c1c-2ccc2cc3c(cc12)OCO3,"CHEMBL3220152",3736,"NO GOOD POSES FOUND",0.06,,,,,,,,,,,,,,
COc1ccc2nccc(C(=O)NCC(=O)N3CC(F)(F)C[C@H]3C#N)c2c1,"CHEMBL3233843",3737,"NO GOOD POSES FOUND",0.08,,,,,,,,,,,,,,
Cn1c(=O)n(Cc2ccccc2C#N)c2c(N3CCNCC3)ccnc21,"CHEMBL3329689",3798,"NO GOOD POSES FOUND",0.08,,,,,,,,,,,,,,
Cn1c(=O)n(Cc2ccccc2C#N)c2c(N3CCCNCC3)ccnc21,"CHEMBL3329691",3800,"NO GOOD POSES FOUND",0.14,,,,,,,,,,,,,,
CN[C@@H]1CCCN(c2ccnc3c2n(Cc2ccccc2C#N)c(=O)n3C)C1,"CHEMBL3329692",3802,"NO GOOD POSES FOUND",0.1,,,,,,,,,,,,,,
N#C[C@@H]1C[C@@H]2CCC[C@@H]2N1C(=O)C[C@H](N)Cc1ccc(C(F)(F)F)cc1,"CHEMBL3330068",3842,"NO POSES STORED FOR LIGAND",2.74,,,,,,,,,,,,,,
N#C[C@@H]1C[C@@H]2CCC[C@@H]2N1C(=O)C[C@H](N)Cc1cc(F)cc(F)c1,"CHEMBL3330072",3848,"NO POSES STORED FOR LIGAND",2.46,,,,,,,,,,,,,,
Cc1nnc(C(F)(F)F)n1C1CCN(C(=O)C[C@H]([NH3+])Cc2cc(F)c(F)cc2F)CC1,"CHEMBL3425753",3901,"NO POSES STORED FOR LIGAND",7.76,,,,,,,,,,,,,,
CCOC(=O)CN1C(=O)CN(C(=O)C[C@H](N)[C@H]2CCc3cc(F)c(F)cc32)Cc2ccccc21,"CHEMBL3580792",3940,"NO POSES STORED FOR LIGAND",8.91,,,,,,,,,,,,,,
CC#CCn1c(N2CCNCC2)nc2c1c(=O)n(Cc1nc(C)c3ccccc3n1)c(=O)n2C,"CHEMBL3616890",3942,"NO GOOD POSES FOUND",0.13,,,,,,,,,,,,,,
CC#CCn1c(N2CC[N@@H+]3CCC[C@H]3C2)nc2c1c(=O)n(Cc1nc(C)c3ccccc3n1)c(=O)n2C,"CHEMBL3616891",3943,"NO GOOD POSES FOUND",0.17,,,,,,,,,,,,,,
CC#CCn1c(N2CCNCC2)nc2c1c(=O)n(Cc1ncc3ccccc3n1)c(=O)n2C,"CHEMBL3616900",3945,"NO GOOD POSES FOUND",0.12,,,,,,,,,,,,,,
CC#CCn1c(N2CCNCC2)nc2c1c(=O)n(Cc1ccc3ccccc3n1)c(=O)n2C,"CHEMBL3616902",3947,"NO GOOD POSES FOUND",0.14,,,,,,,,,,,,,,
CC#CCn1c(N2CCNCC2)nc2c1c(=O)n(Cc1ccc3ccccc3c1)c(=O)n2C,"CHEMBL3616903",3950,"NO GOOD POSES FOUND",0.14,,,,,,,,,,,,,,
CC#CCn1c(N2CCNCC2)nc2c1c(=O)n(Cc1ccccc1)c(=O)n2C,"CHEMBL3616904",3952,"NO GOOD POSES FOUND",0.15,,,,,,,,,,,,,,
CC#CCn1c(N2CCNCC2)nc2c1c(=O)n(Cc1cccc(C#N)c1)c(=O)n2C,"CHEMBL3616905",3954,"NO GOOD POSES FOUND",0.12,,,,,,,,,,,,,,
CC#CCn1c(N2CCNCC2)nc2c1c(=O)n(Cc1ccc(-c3ccccc3C#N)cc1)c(=O)n2C,"CHEMBL3616906",3956,"NO GOOD POSES FOUND",1.19,,,,,,,,,,,,,,
CC#CCn1c(N2CCNCC2)nc2c1c(=O)n(Cc1ccc(-n3cccn3)cc1)c(=O)n2C,"CHEMBL3616908",3958,"NO GOOD POSES FOUND",0.17,,,,,,,,,,,,,,
Cc1cc(C)c(-n2c(C)nc3c(cnn3-c3ccccc3)c2=O)c(C)c1,"CHEMBL3618032",3960,"INVALID ATOM(S), ETC.",0.05,,,,,,,,,,,,,,
Cc1nc2c(cnn2-c2ccccc2)c(=O)n1-c1ccccn1,"CHEMBL3618036",3961,"INVALID ATOM(S), ETC.",0.03,,,,,,,,,,,,,,
Cc1nc2c(cnn2-c2ccccc2)c(=O)n1-c1ncccn1,"CHEMBL3618037",3962,"INVALID ATOM(S), ETC.",0.03,,,,,,,,,,,,,,
Cc1ccnc(-n2c(C)nc3c(cnn3-c3ccccc3)c2=O)c1,"CHEMBL3618038",3963,"INVALID ATOM(S), ETC.",0.04,,,,,,,,,,,,,,
Cc1cc[nH+]c(-n2c(C)nc3c(cnn3-c3ccccc3)c2=O)c1,"CHEMBL3618038",3964,"NO GOOD POSES FOUND",0.04,,,,,,,,,,,,,,
Cc1nc2c(cnn2-c2ccccc2)c(=O)n1-c1ccc(Br)cn1,"CHEMBL3618039",3965,"INVALID ATOM(S), ETC.",0.04,,,,,,,,,,,,,,
COc1ccc(-n2ncc3c(=O)n(-c4cc(C)ccn4)c(C)nc32)cc1,"CHEMBL3618134",3966,"INVALID ATOM(S), ETC.",0.05,,,,,,,,,,,,,,
COc1ccc(-n2ncc3c(=O)n(-c4cc(C)cc[nH+]4)c(C)nc32)cc1,"CHEMBL3618134",3967,"NO GOOD POSES FOUND",0.05,,,,,,,,,,,,,,
COc1ccc(-n2ncc3c(=O)n(-c4nc(-c5ccc(Cl)cc5)cs4)c(C)nc32)cc1,"CHEMBL3618137",3968,"INVALID ATOM(S), ETC.",0.06,,,,,,,,,,,,,,
N[C@H]1C[C@@H](N2Cc3c[nH]nc3C2)CS(=O)(=O)[C@H]1c1cc(F)cc(F)c1F,"CHEMBL3644454",4006,"NO POSES STORED FOR LIGAND",1.72,,,,,,,,,,,,,,
CC(C)(O)Cn1cc2c(n1)C[N@H+]([C@H]1CS[C@@H](c3cc(F)cc(F)c3F)[C@@H](N)C1)C2,"CHEMBL3644455",4009,"NO POSES STORED FOR LIGAND",4.96,,,,,,,,,,,,,,
CC(C)(F)Cn1cc2c(n1)C[N@H+]([C@H]1CS[C@@H](c3cc(F)cc(F)c3F)[C@@H]([NH3+])C1)C2,"CHEMBL3644457",4014,"NO POSES STORED FOR LIGAND",2.97,,,,,,,,,,,,,,
[NH3+][C@H]1C[C@@H](N2Cc3cnn(S(=O)(=O)C4CC4)c3C2)CO[C@H]1c1cc(F)ccc1F,"CHEMBL3645495",4093,"NO POSES STORED FOR LIGAND",2.64,,,,,,,,,,,,,,
[NH3+][C@H]1C[C@@H]([N@H+]2Cc3cnn(S(=O)(=O)C4CC4)c3C2)CO[C@H]1c1cc(F)ccc1F,"CHEMBL3645495",4094,"NO POSES STORED FOR LIGAND",3.72,,,,,,,,,,,,,,
N[C@H]1C[C@@H]([N@H+]2Cc3cnn(S(=O)(=O)C4CC4)c3C2)CO[C@H]1c1cc(F)ccc1F,"CHEMBL3645495",4095,"NO POSES STORED FOR LIGAND",4.05,,,,,,,,,,,,,,
[NH3+][C@H]1C[C@@H](N2Cc3cn(S(=O)(=O)C4CC4)nc3C2)CO[C@H]1c1cc(F)c(F)cc1F,"CHEMBL3645496",4096,"NO POSES STORED FOR LIGAND",3.22,,,,,,,,,,,,,,
N[C@H]1C[C@@H]([N@H+]2Cc3cn(S(=O)(=O)C4CC4)nc3C2)CO[C@H]1c1cc(F)c(F)cc1F,"CHEMBL3645496",4098,"NO POSES STORED FOR LIGAND",3.66,,,,,,,,,,,,,,
[NH3+][C@H]1C[C@@H](N2Cc3cn(S(=O)(=O)C4CC4)nc3C2)CO[C@H]1c1cc(F)ccc1F,"CHEMBL3645497",4099,"NO POSES STORED FOR LIGAND",2.97,,,,,,,,,,,,,,
N[C@H]1C[C@@H]([N@H+]2Cc3cn(S(=O)(=O)C4CC4)nc3C2)CO[C@H]1c1cc(F)ccc1F,"CHEMBL3645497",4101,"NO POSES STORED FOR LIGAND",3.67,,,,,,,,,,,,,,
N[C@H]1C[C@@H]([N@@H+]2Cc3cn(S(=O)(=O)C4CC4)nc3C2)CCO[C@@H]1c1cc(F)ccc1F,"CHEMBL3654423",4128,"NO POSES STORED FOR LIGAND",5.24,,,,,,,,,,,,,,
CC(C)(O)Cn1cc2c(n1)C[N@@H+]([C@H]1CCO[C@H](c3cc(F)ccc3F)[C@@H](N)C1)C2,"CHEMBL3654428",4143,"NO POSES STORED FOR LIGAND",7.47,,,,,,,,,,,,,,
N[C@H]1C[C@@H]([N@@H+]2Cc3c[nH]nc3C2)CN(CC(=O)N2CC[C@@H](F)C2)[C@H]1c1cc(F)ccc1F,"CHEMBL3694424",4225,"NO POSES STORED FOR LIGAND",4.4,,,,,,,,,,,,,,
CS(=O)(=O)n1cc2c(n1)CN([C@@H]1C[C@H]([NH3+])[C@@H](c3cc(F)ccc3F)N(C(=O)C(F)(F)F)C1)C2,"CHEMBL3697939",4233,"NO POSES STORED FOR LIGAND",2.75,,,,,,,,,,,,,,
CS(=O)(=O)n1cc2c(n1)CN([C@@H]1C[C@H](N)[C@@H](c3cc(F)ccc3F)N(C(=O)C(F)(F)F)C1)C2,"CHEMBL3697939",4236,"NO POSES STORED FOR LIGAND",3.11,,,,,,,,,,,,,,
CS(=O)(=O)n1cc2c(n1)CN([C@@H]1C[C@H](N)[C@@H](c3cc(F)ccc3F)N(CCO)C1)C2,"CHEMBL3697940",4241,"NO POSES STORED FOR LIGAND",3.44,,,,,,,,,,,,,,
CS(=O)(=O)n1cc2c(n1)CN([C@@H]1C[C@H](N)[C@@H](c3cc(F)ccc3F)[N@H+](CC3CC3)C1)C2,"CHEMBL3697941",4242,"NO POSES STORED FOR LIGAND",3.48,,,,,,,,,,,,,,
CS(=O)(=O)n1cc2c(n1)C[N@H+]([C@@H]1C[C@H](N)[C@@H](c3cc(F)ccc3F)N(CC3CC3)C1)C2,"CHEMBL3697941",4244,"NO POSES STORED FOR LIGAND",2.94,,,,,,,,,,,,,,
C[C@H](F)CN1C[C@H]([N@@H+]2Cc3cn(S(C)(=O)=O)nc3C2)C[C@H](N)[C@H]1c1cc(F)ccc1F,"CHEMBL3697942",4249,"NO POSES STORED FOR LIGAND",2.86,,,,,,,,,,,,,,
[NH3+][C@H]1C[C@@H]([N@@H+]2Cc3c[nH]nc3C2)CN(CC[N@@H+]2CCC(F)(F)C2)[C@H]1c1cc(F)ccc1F,"CHEMBL3697943",4252,"NO POSES STORED FOR LIGAND",5.9,,,,,,,,,,,,,,
N[C@H]1C[C@@H]([N@@H+]2Cc3c[nH]nc3C2)CN(CC[N@@H+]2CCC(F)(F)C2)[C@H]1c1cc(F)ccc1F,"CHEMBL3697943",4257,"NO POSES STORED FOR LIGAND",5.91,,,,,,,,,,,,,,
[NH3+][C@H]1C[C@@H]([N@@H+]2Cc3c[nH]nc3C2)CN(Cc2cn[nH]c2)[C@H]1c1cc(F)ccc1F,"CHEMBL3697947",4274,"NO POSES STORED FOR LIGAND",2.7,,,,,,,,,,,,,,
N[C@H]1C[C@@H]([N@@H+]2Cc3c[nH]nc3C2)CN(Cc2cn[nH]c2)[C@H]1c1cc(F)ccc1F,"CHEMBL3697947",4277,"NO POSES STORED FOR LIGAND",2.77,,,,,,,,,,,,,,
CS(=O)(=O)N1C[C@@H]([N@@H+]2Cc3cn(S(C)(=O)=O)nc3C2)C[C@H](N)[C@H]1c1cc(F)ccc1F,"CHEMBL3697948",4282,"NO POSES STORED FOR LIGAND",2.88,,,,,,,,,,,,,,
CS(=O)(=O)N1C[C@@H](N2Cc3cn(S(C)(=O)=O)nc3C2)C[C@H](N)[C@H]1c1cc(F)ccc1F,"CHEMBL3697948",4283,"NO POSES STORED FOR LIGAND",3.02,,,,,,,,,,,,,,
CS(=O)(=O)n1cc2c(n1)C[N@H+]([C@H]1C[C@H]([NH3+])[C@@H](c3cc(F)ccc3F)N(Cc3cn[nH]c3)C1)C2,"CHEMBL3697949",4284,"NO POSES STORED FOR LIGAND",3.24,,,,,,,,,,,,,,
CS(=O)(=O)n1cc2c(n1)CN([C@H]1C[C@H]([NH3+])[C@@H](c3cc(F)ccc3F)N(Cc3cn[nH]c3)C1)C2,"CHEMBL3697949",4285,"NO POSES STORED FOR LIGAND",3.68,,,,,,,,,,,,,,
CS(=O)(=O)n1cc2c(n1)C[N@H+]([C@H]1C[C@H](N)[C@@H](c3cc(F)ccc3F)N(Cc3cn[nH]c3)C1)C2,"CHEMBL3697949",4286,"NO POSES STORED FOR LIGAND",3.33,,,,,,,,,,,,,,
CS(=O)(=O)n1cc2c(n1)CN([C@H]1C[C@H](N)[C@@H](c3cc(F)ccc3F)[N@H+](Cc3cn[nH]c3)C1)C2,"CHEMBL3697949",4288,"NO POSES STORED FOR LIGAND",2.5,,,,,,,,,,,,,,
CCCS(=O)(=O)n1cc2c(n1)C[N@H+]([C@H]1CO[C@H](c3cc(F)ccc3F)[C@@H](N)C1)C2,"CHEMBL3734912",4305,"NO POSES STORED FOR LIGAND",3.42,,,,,,,,,,,,,,
CCC(=O)Nc1[nH]nc2c1C[N@@H+]([C@H]1CO[C@H](c3cc(F)ccc3F)[C@@H](N)C1)C2,"CHEMBL3736135",4359,"NO POSES STORED FOR LIGAND",2.99,,,,,,,,,,,,,,
Cc1cc(=O)oc2c3c(ccc12)O[C@H](c1cc(F)c(F)cc1F)[C@H](N)C3,"CHEMBL3929764",4517,"NO POSES STORED FOR LIGAND",1.28,,,,,,,,,,,,,,
COc1cc2c3c(ccc2cc1NS(C)(=O)=O)O[C@H](c1cc(F)c(F)cc1F)[C@@H](N)C3,"CHEMBL3942843",4542,"NO POSES STORED FOR LIGAND",1.95,,,,,,,,,,,,,,
N#Cc1ccccc1Cn1c(N2CCNCC2)cc(=O)n2nccc12,"CHEMBL4204176",4641,"NO GOOD POSES FOUND",0.07,,,,,,,,,,,,,,
O=c1cc(N2CCNCC2)n(Cc2ccccc2)c2ccnn12,"CHEMBL4208513",4646,"NO GOOD POSES FOUND",0.06,,,,,,,,,,,,,,
Cc1ccc(Cn2c(N3CCNCC3)cc(=O)n3nccc23)cc1,"CHEMBL4212894",4650,"NO GOOD POSES FOUND",0.06,,,,,,,,,,,,,,
O=c1cc(N2CCNCC2)n(Cc2ccccc2[N+](=O)[O-])c2ccnn12,"CHEMBL4213950",4652,"NO GOOD POSES FOUND",0.08,,,,,,,,,,,,,,
O=c1cc(N2CCNCC2)n(Cc2ccc([N+](=O)[O-])cc2)c2ccnn12,"CHEMBL4217326",4656,"NO GOOD POSES FOUND",0.06,,,,,,,,,,,,,,
CC1(C)[C@H]2CC[C@]1(C)C(=O)[C@H]2NCC(=O)N1CCC[C@H]1C#N,"CHEMBL4238169",4657,"NO GOOD POSES FOUND",0.07,,,,,,,,,,,,,,
Cc1cc(-c2cn([C@@H]3CN[C@H](C(=O)N4CCC(F)(F)C4)C3)nn2)ccc1F,"CHEMBL4240687",4662,"NO GOOD POSES FOUND",0.1,,,,,,,,,,,,,,
COC(=O)c1cn([C@@H]2CN[C@H](C(=O)N3CCC(F)(F)C3)C2)nn1,"CHEMBL4241199",4664,"NO GOOD POSES FOUND",0.09,,,,,,,,,,,,,,
CC1(C)[C@H]2CC[C@]1(C)[C@@H](NCC(=O)N1CCC[C@H]1C#N)C2,"CHEMBL4242321",4670,"NO GOOD POSES FOUND",0.07,,,,,,,,,,,,,,
O=C(CN1CCN(c2cc[nH+]c3cc(Cl)ccc23)CC1)N1CCCC1,"CHEMBL4245414",4671,"NO GOOD POSES FOUND",0.07,,,,,,,,,,,,,,
O=C(C[NH+]1CCN(c2cc[nH+]c3cc(Cl)ccc23)CC1)N1CCCC1,"CHEMBL4245414",4672,"NO POSES STORED FOR LIGAND",3.46,,,,,,,,,,,,,,
O=C(C[NH+]1CCN(c2ccnc3cc(Cl)ccc23)CC1)N1CCCC1,"CHEMBL4245414",4673,"NO GOOD POSES FOUND",0.08,,,,,,,,,,,,,,
O=C(CN1CCN(c2ccnc3cc(Cl)ccc23)CC1)N1CCCC1,"CHEMBL4245414",4674,"INVALID ATOM(S), ETC.",0.08,,,,,,,,,,,,,,
Brc1nc2n(n1)CC(c1cc3ccccc3o1)=NN2,"CHEMBL4246951",4678,"NO GOOD POSES FOUND",0.04,,,,,,,,,,,,,,
Brc1nc2n(n1)CC(c1cc3ccccc3o1)=N[N-]2,"CHEMBL4246951",4679,"INVALID ATOM(S), ETC.",0.03,,,,,,,,,,,,,,
CC1(C)[C@@H]2CC[C@@]1(C)[C@H](NCC(=O)N1CCC[C@H]1C#N)C2,"CHEMBL4247814",4681,"NO GOOD POSES FOUND",0.08,,,,,,,,,,,,,,
O=C([C@@H]1C[C@H](n2cc(-c3ccccc3)nn2)CN1)N1CCC(F)(F)C1,"CHEMBL4249750",4683,"NO GOOD POSES FOUND",0.1,,,,,,,,,,,,,,
CCOC(=O)N1CCN(c2ccc3nnc(-c4cccc(C)c4)n3n2)CC1,"CHEMBL4454091",4709,"INVALID ATOM(S), ETC.",0.14,,,,,,,,,,,,,,
O=[N+]([O-])c1c([O-])n2ncsc2n/c1=N\CCO,"CHEMBL4525051",4728,"NO GOOD POSES FOUND",0.04,,,,,,,,,,,,,,
Cc1cccc(-c2nnc3ccc(N4CCN(C(=O)c5ccccc5)CC4)nn23)c1,"CHEMBL4529301",4732,"INVALID ATOM(S), ETC.",0.12,,,,,,,,,,,,,,
CC(C)Nc1nc2scnn2c(=O)c1[N+](=O)[O-],"CHEMBL4535561",4735,"NO GOOD POSES FOUND",0.02,,,,,,,,,,,,,,
CC(C)/N=c1\[nH+]c2scnn2c([O-])c1[N+](=O)[O-],"CHEMBL4535561",4737,"NO GOOD POSES FOUND",0.03,,,,,,,,,,,,,,
Cc1cccc(-c2nnc3ccc(N4CC[NH+](Cc5ccc(F)cc5)CC4)nn23)c1,"CHEMBL4547171",4743,"NO GOOD POSES FOUND",0.08,,,,,,,,,,,,,,
Cc1cccc(-c2nnc3ccc(N4CCN(Cc5ccc(F)cc5)CC4)nn23)c1,"CHEMBL4547171",4744,"INVALID ATOM(S), ETC.",0.08,,,,,,,,,,,,,,
CC(C)CNc1nc2scnn2c(=O)c1[N+](=O)[O-],"CHEMBL4554062",4745,"NO GOOD POSES FOUND",0.03,,,,,,,,,,,,,,
CC(C)C/N=c1\[nH+]c2scnn2c([O-])c1[N+](=O)[O-],"CHEMBL4554062",4747,"NO GOOD POSES FOUND",0.03,,,,,,,,,,,,,,
O=c1c([N+](=O)[O-])c(NCCc2ccc(Cl)cc2)nc2scnn12,"CHEMBL4571225",4756,"NO GOOD POSES FOUND",0.04,,,,,,,,,,,,,,
O=[N+]([O-])c1c([O-])n2ncsc2[nH+]/c1=N\CCc1ccc(Cl)cc1,"CHEMBL4571225",4757,"NO GOOD POSES FOUND",0.04,,,,,,,,,,,,,,
O=[N+]([O-])c1c([O-])n2ncsc2n/c1=N\CCc1ccc(Cl)cc1,"CHEMBL4571225",4759,"INVALID ATOM(S), ETC.",0.03,,,,,,,,,,,,,,
N[C@H]1C[C@@H](N2Cc3cn(S(=O)(=O)C4CC4)nc3C2)[C@@H](C(F)(F)F)O[C@@H]1c1cc(F)ccc1F,"CHEMBL4636223",4773,"NO POSES STORED FOR LIGAND",3.38,,,,,,,,,,,,,,
N#C[C@@H]1CCCN1C(=O)CN(C(=O)CCCCCl)[C@@]12C[C@@H]3C[C@@H](C[C@@](O)(C3)C1)C2,"CHEMBL4638352",4775,"NO GOOD POSES FOUND",0.35,,,,,,,,,,,,,,
N[C@H]1C[C@@H]([N@H+]2Cc3cn[nH]c3C2)[C@@H](C(F)(F)F)O[C@@H]1c1cc(F)ccc1F,"CHEMBL4640183",4778,"NO POSES STORED FOR LIGAND",2.19,,,,,,,,,,,,,,
Cc1ccc(NS(=O)(=O)c2ccc3c(c2)CCCC3)cc1,"CHEMBL4641140",4786,"NO GOOD POSES FOUND",0.05,,,,,,,,,,,,,,
Cc1ccc([N-]S(=O)(=O)c2ccc3c(c2)CCCC3)cc1,"CHEMBL4641140",4787,"INVALID ATOM(S), ETC.",0.04,,,,,,,,,,,,,,
[NH3+][C@@H]1CN(c2ncc(Oc3c[nH]nc3C3=CCC(F)(F)CC3)cn2)C[C@@H]1c1cc(F)c(F)cc1F,"CHEMBL4642801",4792,"NO POSES STORED FOR LIGAND",4.81,,,,,,,,,,,,,,
N[C@@H]1CN(c2ncc(Oc3c[nH]nc3C3=CCC(F)(F)CC3)cn2)C[C@@H]1c1cc(F)c(F)cc1F,"CHEMBL4642801",4793,"NO POSES STORED FOR LIGAND",4.45,,,,,,,,,,,,,,
CS(=O)(=O)n1cc2c(n1)C[N@@H+]([C@@H]1C[C@H](N)[C@@H](c3cc(F)ccc3F)O[C@@H]1C(F)(F)F)C2,"CHEMBL4646510",4799,"NO POSES STORED FOR LIGAND",2.77,,,,,,,,,,,,,,
CCS(=O)(=O)n1cc2c(n1)C[N@@H+]([C@@H]1C[C@H]([NH3+])[C@@H](c3cc(F)ccc3F)O[C@@H]1C(F)(F)F)C2,"CHEMBL4649110",4805,"NO POSES STORED FOR LIGAND",2.42,,,,,,,,,,,,,,
CC#CCN1C(N2CCC[C@H](N)C2)=N[C@H]2[C@H]1C(=O)N([C@H](C)c1nc(C)c3ccccc3n1)C(=O)N2C,"CHEMBL4649180",4809,"NO POSES STORED FOR LIGAND",3.05,,,,,,,,,,,,,,
C[S@](=O)c1ccc(Cc2nc(C(=O)NCC(=O)N3CC(F)(F)C[C@H]3C#N)cs2)cc1,"CHEMBL4748662",4820,"NO GOOD POSES FOUND",0.69,,,,,,,,,,,,,,
N#Cc1ccc(SCc2nc(C(=O)NCC(=O)N3CC(F)(F)C[C@H]3C#N)cs2)cc1,"CHEMBL4748680",4821,"NO GOOD POSES FOUND",0.58,,,,,,,,,,,,,,
O=[N+]([O-])c1ccccc1Nc1cc(N2CCNCC2)nc2ccnn12,"CHEMBL4749086",4823,"NO POSES STORED FOR LIGAND",7.02,,,,,,,,,,,,,,
N#C[C@@H]1CC(F)(F)CN1C(=O)CNC(=O)c1csc(Cc2ccccc2Br)n1,"CHEMBL4751873",4826,"NO GOOD POSES FOUND",0.11,,,,,,,,,,,,,,
Cc1ccc(Nc2cc(N3CCNCC3)nc3ccnn23)c(C)c1,"CHEMBL4752835",4829,"NO POSES STORED FOR LIGAND",4.68,,,,,,,,,,,,,,
Cc1ccnc(Nc2cc(N3CCNCC3)nc3ccnn23)c1,"CHEMBL4754461",4834,"NO POSES STORED FOR LIGAND",3.45,,,,,,,,,,,,,,
N#C[C@@H]1CC(F)(F)CN1C(=O)CNC(=O)c1csc(Cc2cccc(Br)c2)n1,"CHEMBL4755802",4835,"NO GOOD POSES FOUND",0.11,,,,,,,,,,,,,,
N#C[C@@H]1CC(F)(F)CN1C(=O)CNC(=O)c1csc(Cc2ccc(-n3cncn3)cc2)n1,"CHEMBL4761499",4837,"NO GOOD POSES FOUND",0.15,,,,,,,,,,,,,,
Clc1ccc(CCNc2cc(N3CCNCC3)nc3ccnn23)c(Cl)c1,"CHEMBL4764120",4842,"NO POSES STORED FOR LIGAND",8.35,,,,,,,,,,,,,,
Clc1ccc(Nc2cc(N3CCNCC3)nc3ccnn23)c(Cl)c1,"CHEMBL4765147",4847,"NO POSES STORED FOR LIGAND",4.88,,,,,,,,,,,,,,
CN(c1ccccc1)c1cc(N2CCNCC2)nc2ccnn12,"CHEMBL4776878",4849,"NO GOOD POSES FOUND",0.06,,,,,,,,,,,,,,
Cc1ccc(Cc2nc(C(=O)NCC(=O)N3CC(F)(F)C[C@H]3C#N)cs2)cc1,"CHEMBL4779526",4850,"NO GOOD POSES FOUND",0.11,,,,,,,,,,,,,,
N#Cc1ccc(CCCc2nc(C(=O)NCC(=O)N3CC(F)(F)C[C@H]3C#N)cs2)cc1,"CHEMBL4781018",4853,"NO GOOD POSES FOUND",0.25,,,,,,,,,,,,,,
Clc1ccccc1Nc1cc(N2CCNCC2)nc2ccnn12,"CHEMBL4782865",4855,"NO POSES STORED FOR LIGAND",5.44,,,,,,,,,,,,,,
Fc1ccc(CNc2cc(N3CCNCC3)nc3ccnn23)c(F)c1,"CHEMBL4784434",4857,"NO POSES STORED FOR LIGAND",8.41,,,,,,,,,,,,,,
N#Cc1ccc(S(=O)(=O)Cc2nc(C(=O)NCC(=O)N3CC(F)(F)C[C@H]3C#N)cs2)cc1,"CHEMBL4789965",4863,"NO GOOD POSES FOUND",0.15,,,,,,,,,,,,,,
CS(=O)(=O)c1ccc(Cc2nc(C(=O)NCC(=O)N3CC(F)(F)C[C@H]3C#N)cs2)cc1,"CHEMBL4797479",4872,"NO GOOD POSES FOUND",0.61,,,,,,,,,,,,,,
N[C@@H](Cc1cn(-c2ccc3ncccc3c2)nn1)Cc1cc(F)c(F)cc1F,"CHEMBL4798357",4876,"NO POSES STORED FOR LIGAND",2.7,,,,,,,,,,,,,,
Fc1ccc(Nc2cc(N3CCNCC3)nc3ccnn23)c(F)c1,"CHEMBL4798418",4878,"NO POSES STORED FOR LIGAND",5.97,,,,,,,,,,,,,,
CC(C)CS(=O)(=O)Nc1ccc(OCCNC[C@@H]2COc3ccccc3O2)cc1,"CHEMBL5176469",4928,"NO POSES STORED FOR LIGAND",5.78,,,,,,,,,,,,,,
CS(=O)(=O)Nc1ccc(OCCNC[C@@H]2COc3ccccc3O2)cc1,"CHEMBL5194237",4935,"NO POSES STORED FOR LIGAND",5.41,,,,,,,,,,,,,,
C/C=C/OC(=O)[C@@H]1CCCN1C(=O)[C@H](CCCCNC(=O)OC(C)(C)C)NC(=O)OC(C)(C)C,"CHEMBL5219761",4947,"NO POSES STORED FOR LIGAND",21.67,,,,,,,,,,,,,,
CC(C)(C)OC(=O)NCC(=O)N1CCC[C@H]1C(=O)O/C=C/c1ccccc1,"CHEMBL5219939",4948,"NO GOOD POSES FOUND",0.39,,,,,,,,,,,,,,
C=COC(=O)[C@@H]1CCCN1C(=O)CNC(=O)OC(C)(C)C,"CHEMBL5220053",4949,"NO GOOD POSES FOUND",0.22,,,,,,,,,,,,,,
CCOC(=O)/C=C/OC(=O)[C@@H]1CCCN1C(=O)CNC(=O)OC(C)(C)C,"CHEMBL5220415",4952,"NO GOOD POSES FOUND",0.84,,,,,,,,,,,,,,
COC(=O)[C@@H]1CCCN1C(=O)[C@H](Cc1ccccc1)NC(=O)OCc1ccccc1,"CHEMBL5220474",4953,"NO GOOD POSES FOUND",0.45,,,,,,,,,,,,,,
C=COC(=O)[C@@H]1CCCN1C(=O)[C@H](CCCCNC(=O)OC(C)(C)C)NC(=O)OC(C)(C)C,"CHEMBL5220594",4954,"NO POSES STORED FOR LIGAND",23.13,,,,,,,,,,,,,,
CC#CCN1C(N2CCC[C@@H](NC(=O)OC(C)(C)C)C2)=N[C@H]2N=C3N(C)C(=O)CN3C(=O)[C@H]21,"CHEMBL5270313",4989,"NO GOOD POSES FOUND",0.22,,,,,,,,,,,,,,
CO[C@H]1C[C@H]2C[C@@H](NCC(=O)N3CCC[C@H]3C#N)C[C@H]2C1,"CHEMBL5273881",4998,"NO GOOD POSES FOUND",0.15,,,,,,,,,,,,,,
COC(=O)c1cn([C@@H]2CC[C@H](C(=O)N3CCC(F)(F)C3)C2)nn1,"CHEMBL5274068",4999,"INVALID ATOM(S), ETC.",0.09,,,,,,,,,,,,,,
Cc1c(-c2c(S(=O)(=O)c3ccccc3)cnc3ncnn23)c(=O)n(-c2ccccc2)n1C,"CHEMBL5274711",5004,"INVALID ATOM(S), ETC.",0.08,,,,,,,,,,,,,,
N#C[C@@H]1CCCN1C(=O)CN[C@@H]1C[C@H]2C[C@@H](O)C[C@H]2C1,"CHEMBL5274894",5006,"NO POSES STORED FOR LIGAND",11.48,,,,,,,,,,,,,,
Cc1c(-c2c(S(=O)(=O)c3ccccc3)cnc3nnnn23)c(=O)n(-c2ccccc2)n1C,"CHEMBL5275234",5012,"INVALID ATOM(S), ETC.",0.07,,,,,,,,,,,,,,
COc1ccc(S(=O)(=O)[N-]c2nc(N3CCOCC3)nc(N3CCOCC3)n2)cc1,"CHEMBL5276961",5019,"INVALID ATOM(S), ETC.",0.13,,,,,,,,,,,,,,
Cc1c(C(=O)CS(=O)(=O)c2ccccc2)c(=O)n(-c2ccccc2)n1C,"CHEMBL5277115",5023,"INVALID ATOM(S), ETC.",0.06,,,,,,,,,,,,,,
O=C([C@H]1CC[C@@H](n2cc(-c3ccc(-c4ccccc4)cc3)nn2)C1)N1CCC(F)(F)C1,"CHEMBL5278390",5028,"INVALID ATOM(S), ETC.",0.12,,,,,,,,,,,,,,
CCOC(=O)c1nnc2c(C(=O)OCC)cnn2c1[O-],"CHEMBL5280972",5040,"INVALID ATOM(S), ETC.",0.04,,,,,,,,,,,,,,
N#Cc1cnn2c([O-])c([N+](=O)[O-])nnc12,"CHEMBL5284943",5050,"INVALID ATOM(S), ETC.",0.01,,,,,,,,,,,,,,
O=C([C@H]1CC[C@@H](n2cc(-c3ccccc3O)nn2)C1)N1CCC(F)(F)C1,"CHEMBL5285764",5053,"NO GOOD POSES FOUND",0.12,,,,,,,,,,,,,,
O=C([C@H]1CC[C@@H](n2cc(-c3ccccc3[O-])nn2)C1)N1CCC(F)(F)C1,"CHEMBL5285764",5054,"INVALID ATOM(S), ETC.",0.11,,,,,,,,,,,,,,
CCOC(=O)c1cnn2c([O-])c(C(=O)NC(C)(C)C)nnc12,"CHEMBL5285907",5057,"NO GOOD POSES FOUND",0.04,,,,,,,,,,,,,,
CCOC(=O)c1cnn2c([O-])c([N+](=O)[O-])nnc12,"CHEMBL5285955",5058,"INVALID ATOM(S), ETC.",0.03,,,,,,,,,,,,,,
O=C([O-])Cc1ccccc1C(=O)Nc1ccc(S(=O)(=O)[N-]c2ncccn2)cc1,"CHEMBL5289336",5071,"NO GOOD POSES FOUND",0.1,,,,,,,,,,,,,,
O=C([O-])Cc1ccccc1C(=O)Nc1ccc(S(=O)(=O)Nc2ncccn2)cc1,"CHEMBL5289336",5072,"NO POSES STORED FOR LIGAND",5.06,,,,,,,,,,,,,,
COc1ccc(C(=O)/C=C/c2cc(Cl)c(O)cc2OC)cc1,"CHEMBL5397277",5078,"NO GOOD POSES FOUND",0.03,,,,,,,,,,,,,,
COc1ccc(C(=O)/C=C/c2cc(Cl)c([O-])cc2OC)cc1,"CHEMBL5397277",5079,"INVALID ATOM(S), ETC.",0.03,,,,,,,,,,,,,,
COc1cc([O-])c(Cl)cc1/C=C/C(=O)c1ccc(O)c(C)c1,"CHEMBL5398811",5081,"NO GOOD POSES FOUND",0.03,,,,,,,,,,,,,,
COc1cc(O)c(Cl)cc1/C=C/C(=O)c1ccc([O-])c(C)c1,"CHEMBL5398811",5082,"NO GOOD POSES FOUND",0.03,,,,,,,,,,,,,,
COc1cc([O-])c(Cl)cc1/C=C/C(=O)c1ccc([O-])c(C)c1,"CHEMBL5398811",5083,"INVALID ATOM(S), ETC.",0.02,,,,,,,,,,,,,,
CCOc1ccc(C(=O)/C=C/c2cc(Cl)c(O)cc2OC)cc1,"CHEMBL5405870",5086,"NO GOOD POSES FOUND",0.04,,,,,,,,,,,,,,
CCOc1ccc(C(=O)/C=C/c2cc(Cl)c([O-])cc2OC)cc1,"CHEMBL5405870",5087,"INVALID ATOM(S), ETC.",0.03,,,,,,,,,,,,,,
COc1cc(O)c(Cl)cc1/C=C/C(=O)c1ccc([O-])c([N+](=O)[O-])c1,"CHEMBL5407794",5088,"NO GOOD POSES FOUND",0.04,,,,,,,,,,,,,,
COc1cc([O-])c(Cl)cc1/C=C/C(=O)c1ccc([O-])c([N+](=O)[O-])c1,"CHEMBL5407794",5089,"INVALID ATOM(S), ETC.",0.03,,,,,,,,,,,,,,
CCOc1ccc(C(=O)/C=C/c2cc(Br)c(O)cc2OC)cc1,"CHEMBL5408749",5091,"NO GOOD POSES FOUND",0.04,,,,,,,,,,,,,,
CCOc1ccc(C(=O)/C=C/c2cc(Br)c([O-])cc2OC)cc1,"CHEMBL5408749",5092,"INVALID ATOM(S), ETC.",0.03,,,,,,,,,,,,,,
COc1cc(C(=O)/C=C/c2cc(Cl)c(O)cc2OC)ccc1[O-],"CHEMBL5411710",5096,"NO GOOD POSES FOUND",0.03,,,,,,,,,,,,,,
COc1cc(C(=O)/C=C/c2cc(Cl)c([O-])cc2OC)ccc1O,"CHEMBL5411710",5097,"NO GOOD POSES FOUND",0.03,,,,,,,,,,,,,,
COc1cc(C(=O)/C=C/c2cc(Cl)c([O-])cc2OC)ccc1[O-],"CHEMBL5411710",5098,"INVALID ATOM(S), ETC.",0.03,,,,,,,,,,,,,,
CCCOc1ccc(C(=O)/C=C/c2cc(Br)c(O)cc2OC)cc1,"CHEMBL5412386",5099,"NO GOOD POSES FOUND",0.06,,,,,,,,,,,,,,
CCCOc1ccc(C(=O)/C=C/c2cc(Br)c([O-])cc2OC)cc1,"CHEMBL5412386",5100,"INVALID ATOM(S), ETC.",0.05,,,,,,,,,,,,,,
COc1ccc(C(=O)/C=C/c2cc(Cl)c([O-])cc2OC)cc1O,"CHEMBL5413637",5102,"NO GOOD POSES FOUND",0.03,,,,,,,,,,,,,,
COc1ccc(C(=O)/C=C/c2cc(Cl)c(O)cc2OC)cc1[O-],"CHEMBL5413637",5103,"NO GOOD POSES FOUND",0.03,,,,,,,,,,,,,,
CCOC(=O)C1=C(C)NC(C)=C(C(=O)OCC)C1c1cccc2c1OCO2,"CHEMBL5414025",5104,"NO GOOD POSES FOUND",0.08,,,,,,,,,,,,,,
COc1cc(O)c(Cl)cc1/C=C/C(=O)c1ccc(C(F)(F)F)cc1,"CHEMBL5414115",5105,"NO GOOD POSES FOUND",0.04,,,,,,,,,,,,,,
COc1cc([O-])c(Cl)cc1/C=C/C(=O)c1ccc(C(F)(F)F)cc1,"CHEMBL5414115",5106,"INVALID ATOM(S), ETC.",0.04,,,,,,,,,,,,,,
COc1cc(O)c(Cl)cc1/C=C/C(=O)c1ccc([O-])cc1,"CHEMBL5416545",5112,"NO GOOD POSES FOUND",0.02,,,,,,,,,,,,,,
COc1cc([O-])c(Cl)cc1/C=C/C(=O)c1ccc(O)cc1,"CHEMBL5416545",5113,"NO GOOD POSES FOUND",0.03,,,,,,,,,,,,,,
COc1cc([O-])c(Cl)cc1/C=C/C(=O)c1ccc([O-])cc1,"CHEMBL5416545",5114,"INVALID ATOM(S), ETC.",0.02,,,,,,,,,,,,,,
COc1cc([O-])c(Cl)cc1/C=C/C(=O)c1cccc(O)c1,"CHEMBL5422010",5118,"NO GOOD POSES FOUND",0.02,,,,,,,,,,,,,,
COc1cc(O)c(Cl)cc1/C=C/C(=O)c1cccc([O-])c1,"CHEMBL5422010",5119,"NO GOOD POSES FOUND",0.03,,,,,,,,,,,,,,
COc1cc(OC)c(/C=C/C(=O)c2ccc(O)cc2)cc1Cl,"CHEMBL5423189",5120,"NO GOOD POSES FOUND",0.03,,,,,,,,,,,,,,
COc1cc(OC)c(/C=C/C(=O)c2ccc([O-])cc2)cc1Cl,"CHEMBL5423189",5121,"INVALID ATOM(S), ETC.",0.03,,,,,,,,,,,,,,
CCCOc1ccc(C(=O)/C=C/c2cc(Cl)c(O)cc2OC)cc1,"CHEMBL5424118",5122,"NO GOOD POSES FOUND",0.06,,,,,,,,,,,,,,
CCCOc1ccc(C(=O)/C=C/c2cc(Cl)c([O-])cc2OC)cc1,"CHEMBL5424118",5123,"INVALID ATOM(S), ETC.",0.06,,,,,,,,,,,,,,
COc1cc(O)c(Cl)cc1/C=C/C(=O)c1ccc(Br)cc1,"CHEMBL5429047",5130,"NO GOOD POSES FOUND",0.02,,,,,,,,,,,,,,
COc1cc([O-])c(Cl)cc1/C=C/C(=O)c1ccc(Br)cc1,"CHEMBL5429047",5131,"INVALID ATOM(S), ETC.",0.03,,,,,,,,,,,,,,
Cc1ccc2c(c1)CN(C(=O)CC(C)(C)NCC(=O)N1CCC[C@H]1C#N)C2,"CHEMBL5430453",5132,"NO GOOD POSES FOUND",0.21,,,,,,,,,,,,,,
N#C[C@@H]1CCCN1C(=O)CNC12C[C@H]3C[C@@H](C1)C[C@@H](C2)C3,"CHEMBL5432172",5137,"NO GOOD POSES FOUND",0.08,,,,,,,,,,,,,,
